Date,FirstContract,SecondContract,CarryContract,CurrentContract
2014-06-17,201506,201507,201506,201507
2014-06-18,201506,201507,201506,201507
2014-06-19,201506,201507,201506,201507
2014-06-20,201506,201507,201506,201507
2014-06-23,201506,201507,201506,201507
2014-06-24,201506,201507,201506,201507
2014-06-25,201506,201507,201506,201507
2014-06-26,201506,201507,201506,201507
2014-06-27,201506,201507,201506,201507
2014-06-30,201506,201507,201506,201507
2014-07-01,201506,201507,201506,201507
2014-07-02,201506,201507,201506,201507
2014-07-03,201506,201507,201506,201507
2014-07-04,201506,201507,201506,201507
2014-07-07,201506,201507,201506,201507
2014-07-08,201506,201507,201506,201507
2014-07-09,201506,201507,201506,201507
2014-07-10,201506,201507,201506,201507
2014-07-11,201506,201507,201506,201507
2014-07-14,201506,201507,201506,201507
2014-07-15,201506,201507,201506,201507
2014-07-16,201506,201507,201506,201507
2014-07-17,201506,201507,201506,201507
2014-07-18,201506,201507,201506,201507
2014-07-21,201506,201507,201506,201507
2014-07-22,201506,201507,201506,201507
2014-07-23,201506,201507,201506,201507
2014-07-24,201506,201507,201506,201507
2014-07-25,201506,201507,201506,201507
2014-07-28,201506,201507,201506,201507
2014-07-29,201506,201507,201506,201507
2014-07-30,201506,201507,201506,201507
2014-07-31,201506,201507,201506,201507
2014-08-01,201506,201507,201506,201507
2014-08-04,201506,201507,201506,201507
2014-08-05,201506,201507,201506,201507
2014-08-06,201506,201507,201506,201507
2014-08-07,201506,201507,201506,201507
2014-08-08,201506,201507,201506,201507
2014-08-11,201506,201507,201506,201507
2014-08-12,201506,201507,201506,201507
2014-08-13,201506,201507,201506,201507
2014-08-14,201506,201507,201506,201507
2014-08-15,201506,201507,201506,201507
2014-08-18,201506,201507,201506,201507
2014-08-19,201506,201507,201506,201507
2014-08-20,201506,201507,201506,201507
2014-08-21,201506,201507,201506,201507
2014-08-22,201506,201507,201506,201507
2014-08-25,201506,201507,201506,201507
2014-08-26,201506,201507,201506,201507
2014-08-27,201506,201507,201506,201507
2014-08-28,201506,201507,201506,201507
2014-08-29,201506,201507,201506,201507
2014-09-01,201506,201507,201506,201507
2014-09-02,201506,201507,201506,201507
2014-09-03,201506,201507,201506,201507
2014-09-04,201506,201507,201506,201507
2014-09-05,201506,201507,201506,201507
2014-09-09,201506,201507,201506,201507
2014-09-10,201506,201507,201506,201507
2014-09-11,201506,201507,201506,201507
2014-09-12,201506,201507,201506,201507
2014-09-15,201506,201507,201506,201507
2014-09-16,201506,201509,201506,201509
2014-09-17,201506,201509,201506,201509
2014-09-18,201506,201509,201506,201509
2014-09-19,201506,201509,201506,201509
2014-09-22,201506,201509,201506,201509
2014-09-23,201506,201509,201506,201509
2014-09-24,201506,201509,201506,201509
2014-09-25,201506,201509,201506,201509
2014-09-26,201506,201509,201506,201509
2014-09-29,201506,201509,201506,201509
2014-09-30,201506,201509,201506,201509
2014-10-08,201506,201509,201506,201509
2014-10-09,201506,201509,201506,201509
2014-10-10,201506,201509,201506,201509
2014-10-13,201506,201509,201506,201509
2014-10-14,201506,201509,201506,201509
2014-10-15,201506,201509,201506,201509
2014-10-16,201506,201509,201506,201509
2014-10-17,201506,201509,201506,201509
2014-10-20,201506,201509,201506,201509
2014-10-21,201506,201509,201506,201509
2014-10-22,201506,201509,201506,201509
2014-10-23,201506,201509,201506,201509
2014-10-24,201506,201509,201506,201509
2014-10-27,201506,201509,201506,201509
2014-10-28,201506,201509,201506,201509
2014-10-29,201506,201509,201506,201509
2014-10-30,201506,201509,201506,201509
2014-10-31,201506,201509,201506,201509
2014-11-03,201506,201509,201506,201509
2014-11-04,201506,201509,201506,201509
2014-11-05,201506,201509,201506,201509
2014-11-06,201506,201509,201506,201509
2014-11-07,201506,201509,201506,201509
2014-11-10,201506,201509,201506,201509
2014-11-11,201506,201509,201506,201509
2014-11-12,201506,201509,201506,201509
2014-11-13,201506,201509,201506,201509
2014-11-14,201506,201509,201506,201509
2014-11-17,201506,201509,201506,201509
2014-11-18,201506,201509,201506,201509
2014-11-19,201506,201509,201506,201509
2014-11-20,201506,201509,201506,201509
2014-11-21,201506,201509,201506,201509
2014-11-24,201506,201509,201506,201509
2014-11-25,201506,201509,201506,201509
2014-11-26,201506,201509,201506,201509
2014-11-27,201506,201509,201506,201509
2014-11-28,201506,201509,201506,201509
2014-12-01,201506,201509,201506,201509
2014-12-02,201506,201509,201506,201509
2014-12-03,201506,201509,201506,201509
2014-12-04,201506,201509,201506,201509
2014-12-05,201506,201509,201506,201509
2014-12-08,201506,201509,201506,201509
2014-12-09,201506,201509,201506,201509
2014-12-10,201506,201509,201506,201509
2014-12-11,201506,201509,201506,201509
2014-12-12,201506,201509,201506,201509
2014-12-15,201506,201509,201506,201509
2014-12-16,201506,201509,201506,201509
2014-12-17,201506,201509,201506,201509
2014-12-18,201506,201509,201506,201509
2014-12-19,201506,201509,201506,201509
2014-12-22,201506,201509,201506,201509
2014-12-23,201506,201509,201506,201509
2014-12-24,201506,201509,201506,201509
2014-12-25,201506,201509,201506,201509
2014-12-26,201506,201509,201506,201509
2014-12-29,201506,201509,201506,201509
2014-12-30,201506,201509,201506,201509
2014-12-31,201506,201509,201506,201509
2015-01-05,201506,201509,201506,201509
2015-01-06,201506,201509,201506,201509
2015-01-07,201506,201509,201506,201509
2015-01-08,201506,201509,201506,201509
2015-01-09,201506,201509,201506,201509
2015-01-12,201506,201509,201506,201509
2015-01-13,201506,201509,201506,201509
2015-01-14,201506,201509,201506,201509
2015-01-15,201506,201509,201506,201509
2015-01-16,201506,201509,201506,201509
2015-01-19,201506,201509,201506,201509
2015-01-20,201506,201509,201506,201509
2015-01-21,201506,201509,201506,201509
2015-01-22,201506,201509,201506,201509
2015-01-23,201506,201509,201506,201509
2015-01-26,201506,201509,201506,201509
2015-01-27,201506,201509,201506,201509
2015-01-28,201506,201509,201506,201509
2015-01-29,201506,201509,201506,201509
2015-01-30,201506,201509,201506,201509
2015-02-02,201506,201509,201506,201509
2015-02-03,201506,201509,201506,201509
2015-02-04,201506,201509,201506,201509
2015-02-05,201506,201509,201506,201509
2015-02-06,201506,201509,201506,201509
2015-02-09,201506,201509,201506,201509
2015-02-10,201506,201509,201506,201509
2015-02-11,201506,201509,201506,201509
2015-02-12,201506,201509,201506,201509
2015-02-13,201506,201509,201506,201509
2015-02-16,201506,201509,201506,201509
2015-02-17,201506,201509,201506,201509
2015-02-25,201506,201509,201506,201509
2015-02-26,201506,201509,201506,201509
2015-02-27,201506,201509,201506,201509
2015-03-02,201506,201509,201506,201509
2015-03-03,201506,201509,201506,201509
2015-03-04,201506,201509,201506,201509
2015-03-05,201506,201509,201506,201509
2015-03-06,201506,201509,201506,201509
2015-03-09,201506,201509,201506,201509
2015-03-10,201506,201509,201506,201509
2015-03-11,201506,201509,201506,201509
2015-03-12,201506,201509,201506,201509
2015-03-13,201506,201509,201506,201509
2015-03-16,201506,201509,201506,201509
2015-03-17,201506,201509,201506,201509
2015-03-18,201506,201509,201506,201509
2015-03-19,201506,201509,201506,201509
2015-03-20,201506,201509,201506,201509
2015-03-23,201506,201509,201506,201509
2015-03-24,201506,201509,201506,201509
2015-03-25,201506,201509,201506,201509
2015-03-26,201506,201509,201506,201509
2015-03-27,201506,201509,201506,201509
2015-03-30,201506,201509,201506,201509
2015-03-31,201506,201509,201506,201509
2015-04-01,201506,201509,201506,201509
2015-04-02,201506,201509,201506,201509
2015-04-03,201506,201509,201506,201509
2015-04-07,201506,201509,201506,201509
2015-04-08,201506,201509,201506,201509
2015-04-09,201506,201509,201506,201509
2015-04-10,201506,201509,201506,201509
2015-04-13,201509,201506,201506,201509
2015-04-14,201509,201506,201506,201509
2015-04-15,201509,201506,201506,201509
2015-04-16,201509,201506,201506,201509
2015-04-17,201509,201506,201506,201509
2015-04-20,201509,201506,201506,201509
2015-04-21,201509,201506,201506,201509
2015-04-22,201509,201506,201506,201509
2015-04-23,201509,201506,201506,201509
2015-04-24,201509,201506,201506,201509
2015-04-27,201509,201506,201506,201509
2015-04-28,201509,201506,201506,201509
2015-04-29,201509,201506,201506,201509
2015-04-30,201509,201506,201506,201509
2015-05-04,201509,201506,201506,201509
2015-05-05,201509,201506,201506,201509
2015-05-06,201509,201506,201506,201509
2015-05-07,201509,201506,201506,201509
2015-05-08,201509,201506,201506,201509
2015-05-11,201509,201506,201506,201509
2015-05-12,201509,201506,201506,201509
2015-05-13,201509,201506,201506,201509
2015-05-14,201509,201506,201506,201509
2015-05-15,201509,201506,201506,201509
2015-05-18,201509,201506,201506,201509
2015-05-19,201509,201601,201509,201601
2015-05-20,201509,201601,201509,201601
2015-05-21,201509,201601,201509,201601
2015-05-22,201509,201601,201509,201601
2015-05-25,201509,201601,201509,201601
2015-05-26,201509,201601,201509,201601
2015-05-27,201509,201601,201509,201601
2015-05-28,201509,201601,201509,201601
2015-05-29,201509,201601,201509,201601
2015-06-01,201509,201601,201509,201601
2015-06-02,201509,201601,201509,201601
2015-06-03,201509,201601,201509,201601
2015-06-04,201509,201601,201509,201601
2015-06-05,201509,201601,201509,201601
2015-06-08,201509,201601,201509,201601
2015-06-09,201509,201601,201509,201601
2015-06-10,201509,201601,201509,201601
2015-06-11,201509,201601,201509,201601
2015-06-12,201509,201601,201509,201601
2015-06-15,201509,201601,201509,201601
2015-06-16,201509,201601,201509,201601
2015-06-17,201509,201601,201509,201601
2015-06-18,201509,201601,201509,201601
2015-06-19,201509,201601,201509,201601
2015-06-23,201509,201601,201509,201601
2015-06-24,201509,201601,201509,201601
2015-06-25,201509,201601,201509,201601
2015-06-26,201509,201601,201509,201601
2015-06-29,201509,201601,201509,201601
2015-06-30,201509,201601,201509,201601
2015-07-01,201509,201601,201509,201601
2015-07-02,201509,201601,201509,201601
2015-07-03,201509,201601,201509,201601
2015-07-06,201509,201601,201509,201601
2015-07-07,201509,201601,201509,201601
2015-07-08,201509,201601,201509,201601
2015-07-09,201509,201601,201509,201601
2015-07-10,201509,201601,201509,201601
2015-07-13,201509,201601,201509,201601
2015-07-14,201509,201601,201509,201601
2015-07-15,201509,201601,201509,201601
2015-07-16,201509,201601,201509,201601
2015-07-17,201509,201601,201509,201601
2015-07-20,201509,201601,201509,201601
2015-07-21,201509,201601,201509,201601
2015-07-22,201509,201601,201509,201601
2015-07-23,201509,201601,201509,201601
2015-07-24,201509,201601,201509,201601
2015-07-27,201509,201601,201509,201601
2015-07-28,201509,201601,201509,201601
2015-07-29,201509,201601,201509,201601
2015-07-30,201509,201601,201509,201601
2015-07-31,201601,201509,201509,201601
2015-08-03,201601,201509,201509,201601
2015-08-04,201601,201509,201509,201601
2015-08-05,201601,201509,201509,201601
2015-08-06,201601,201509,201509,201601
2015-08-07,201601,201509,201509,201601
2015-08-10,201601,201509,201509,201601
2015-08-11,201601,201509,201509,201601
2015-08-12,201601,201509,201509,201601
2015-08-13,201601,201509,201509,201601
2015-08-14,201601,201509,201509,201601
2015-08-17,201601,201509,201509,201601
2015-08-18,201601,201509,201509,201601
2015-08-19,201601,201509,201509,201601
2015-08-20,201601,201509,201509,201601
2015-08-21,201601,201509,201509,201601
2015-08-24,201601,201605,201601,201605
2015-08-25,201601,201605,201601,201605
2015-08-26,201601,201605,201601,201605
2015-08-27,201601,201605,201601,201605
2015-08-28,201601,201605,201601,201605
2015-08-31,201601,201605,201601,201605
2015-09-01,201601,201605,201601,201605
2015-09-02,201601,201605,201601,201605
2015-09-07,201601,201605,201601,201605
2015-09-08,201601,201605,201601,201605
2015-09-09,201601,201605,201601,201605
2015-09-10,201601,201605,201601,201605
2015-09-11,201601,201605,201601,201605
2015-09-14,201601,201605,201601,201605
2015-09-15,201601,201605,201601,201605
2015-09-16,201601,201605,201601,201605
2015-09-17,201601,201605,201601,201605
2015-09-18,201601,201605,201601,201605
2015-09-21,201601,201605,201601,201605
2015-09-22,201601,201605,201601,201605
2015-09-23,201601,201605,201601,201605
2015-09-24,201601,201605,201601,201605
2015-09-25,201601,201605,201601,201605
2015-09-28,201601,201605,201601,201605
2015-09-29,201601,201605,201601,201605
2015-09-30,201601,201605,201601,201605
2015-10-08,201601,201605,201601,201605
2015-10-09,201601,201605,201601,201605
2015-10-12,201601,201605,201601,201605
2015-10-13,201601,201605,201601,201605
2015-10-14,201601,201605,201601,201605
2015-10-15,201601,201605,201601,201605
2015-10-16,201601,201605,201601,201605
2015-10-19,201601,201605,201601,201605
2015-10-20,201601,201605,201601,201605
2015-10-21,201601,201605,201601,201605
2015-10-22,201601,201605,201601,201605
2015-10-23,201601,201605,201601,201605
2015-10-26,201601,201605,201601,201605
2015-10-27,201601,201605,201601,201605
2015-10-28,201601,201605,201601,201605
2015-10-29,201601,201605,201601,201605
2015-10-30,201601,201605,201601,201605
2015-11-02,201601,201605,201601,201605
2015-11-03,201601,201605,201601,201605
2015-11-04,201601,201605,201601,201605
2015-11-05,201601,201605,201601,201605
2015-11-06,201601,201605,201601,201605
2015-11-09,201601,201605,201601,201605
2015-11-10,201601,201605,201601,201605
2015-11-11,201601,201605,201601,201605
2015-11-12,201601,201605,201601,201605
2015-11-13,201601,201605,201601,201605
2015-11-16,201601,201605,201601,201605
2015-11-17,201601,201605,201601,201605
2015-11-18,201601,201605,201601,201605
2015-11-19,201601,201605,201601,201605
2015-11-20,201601,201605,201601,201605
2015-11-23,201601,201605,201601,201605
2015-11-24,201601,201605,201601,201605
2015-11-25,201601,201605,201601,201605
2015-11-26,201605,201601,201601,201605
2015-11-27,201605,201601,201601,201605
2015-11-30,201605,201601,201601,201605
2015-12-01,201605,201601,201601,201605
2015-12-02,201605,201601,201601,201605
2015-12-03,201605,201601,201601,201605
2015-12-04,201605,201601,201601,201605
2015-12-07,201605,201601,201601,201605
2015-12-08,201605,201601,201601,201605
2015-12-09,201605,201601,201601,201605
2015-12-10,201605,201601,201601,201605
2015-12-11,201605,201601,201601,201605
2015-12-14,201605,201601,201601,201605
2015-12-15,201605,201601,201601,201605
2015-12-16,201605,201601,201601,201605
2015-12-17,201605,201601,201601,201605
2015-12-18,201605,201601,201601,201605
2015-12-21,201605,201601,201601,201605
2015-12-22,201605,201609,201605,201609
2015-12-23,201605,201609,201605,201609
2015-12-24,201605,201609,201605,201609
2015-12-25,201605,201609,201605,201609
2015-12-28,201605,201609,201605,201609
2015-12-29,201605,201609,201605,201609
2015-12-30,201605,201609,201605,201609
2015-12-31,201605,201609,201605,201609
2016-01-04,201605,201609,201605,201609
2016-01-05,201605,201609,201605,201609
2016-01-06,201605,201609,201605,201609
2016-01-07,201605,201609,201605,201609
2016-01-08,201605,201609,201605,201609
2016-01-11,201605,201609,201605,201609
2016-01-12,201605,201609,201605,201609
2016-01-13,201605,201609,201605,201609
2016-01-14,201605,201609,201605,201609
2016-01-15,201605,201609,201605,201609
2016-01-18,201605,201609,201605,201609
2016-01-19,201605,201609,201605,201609
2016-01-20,201605,201609,201605,201609
2016-01-21,201605,201609,201605,201609
2016-01-22,201605,201609,201605,201609
2016-01-25,201605,201609,201605,201609
2016-01-26,201605,201609,201605,201609
2016-01-27,201605,201609,201605,201609
2016-01-28,201605,201609,201605,201609
2016-01-29,201605,201609,201605,201609
2016-02-01,201605,201609,201605,201609
2016-02-02,201605,201609,201605,201609
2016-02-03,201605,201609,201605,201609
2016-02-04,201605,201609,201605,201609
2016-02-05,201605,201609,201605,201609
2016-02-15,201605,201609,201605,201609
2016-02-16,201605,201609,201605,201609
2016-02-17,201605,201609,201605,201609
2016-02-18,201605,201609,201605,201609
2016-02-19,201605,201609,201605,201609
2016-02-22,201605,201609,201605,201609
2016-02-23,201605,201609,201605,201609
2016-02-24,201605,201609,201605,201609
2016-02-25,201605,201609,201605,201609
2016-02-26,201605,201609,201605,201609
2016-02-29,201605,201609,201605,201609
2016-03-01,201605,201609,201605,201609
2016-03-02,201605,201609,201605,201609
2016-03-03,201605,201609,201605,201609
2016-03-04,201605,201609,201605,201609
2016-03-07,201605,201609,201605,201609
2016-03-08,201605,201609,201605,201609
2016-03-09,201605,201609,201605,201609
2016-03-10,201605,201609,201605,201609
2016-03-11,201605,201609,201605,201609
2016-03-14,201605,201609,201605,201609
2016-03-15,201605,201609,201605,201609
2016-03-16,201605,201609,201605,201609
2016-03-17,201605,201609,201605,201609
2016-03-18,201605,201609,201605,201609
2016-03-21,201605,201609,201605,201609
2016-03-22,201605,201609,201605,201609
2016-03-23,201605,201609,201605,201609
2016-03-24,201605,201609,201605,201609
2016-03-25,201605,201609,201605,201609
2016-03-28,201605,201609,201605,201609
2016-03-29,201605,201609,201605,201609
2016-03-30,201605,201609,201605,201609
2016-03-31,201605,201609,201605,201609
2016-04-01,201605,201609,201605,201609
2016-04-05,201605,201609,201605,201609
2016-04-06,201609,201605,201605,201609
2016-04-07,201609,201605,201605,201609
2016-04-08,201609,201605,201605,201609
2016-04-11,201609,201605,201605,201609
2016-04-12,201609,201605,201605,201609
2016-04-13,201609,201605,201605,201609
2016-04-14,201609,201605,201605,201609
2016-04-15,201609,201605,201605,201609
2016-04-18,201609,201605,201605,201609
2016-04-19,201609,201605,201605,201609
2016-04-20,201609,201605,201605,201609
2016-04-21,201609,201605,201605,201609
2016-04-22,201609,201605,201605,201609
2016-04-25,201609,201701,201609,201701
2016-04-26,201609,201701,201609,201701
2016-04-27,201609,201701,201609,201701
2016-04-28,201609,201701,201609,201701
2016-04-29,201609,201701,201609,201701
2016-05-03,201609,201701,201609,201701
2016-05-04,201609,201701,201609,201701
2016-05-05,201609,201701,201609,201701
2016-05-06,201609,201701,201609,201701
2016-05-09,201609,201701,201609,201701
2016-05-10,201609,201701,201609,201701
2016-05-11,201609,201701,201609,201701
2016-05-12,201609,201701,201609,201701
2016-05-13,201609,201701,201609,201701
2016-05-16,201609,201701,201609,201701
2016-05-17,201609,201701,201609,201701
2016-05-18,201609,201701,201609,201701
2016-05-19,201609,201701,201609,201701
2016-05-20,201609,201701,201609,201701
2016-05-23,201609,201701,201609,201701
2016-05-24,201609,201701,201609,201701
2016-05-25,201609,201701,201609,201701
2016-05-26,201609,201701,201609,201701
2016-05-27,201609,201701,201609,201701
2016-05-30,201609,201701,201609,201701
2016-05-31,201609,201701,201609,201701
2016-06-01,201609,201701,201609,201701
2016-06-02,201609,201701,201609,201701
2016-06-03,201609,201701,201609,201701
2016-06-06,201609,201701,201609,201701
2016-06-07,201609,201701,201609,201701
2016-06-08,201609,201701,201609,201701
2016-06-13,201609,201701,201609,201701
2016-06-14,201609,201701,201609,201701
2016-06-15,201609,201701,201609,201701
2016-06-16,201609,201701,201609,201701
2016-06-17,201609,201701,201609,201701
2016-06-20,201609,201701,201609,201701
2016-06-21,201609,201701,201609,201701
2016-06-22,201609,201701,201609,201701
2016-06-23,201609,201701,201609,201701
2016-06-24,201609,201701,201609,201701
2016-06-27,201609,201701,201609,201701
2016-06-28,201609,201701,201609,201701
2016-06-29,201609,201701,201609,201701
2016-06-30,201609,201701,201609,201701
2016-07-01,201609,201701,201609,201701
2016-07-04,201609,201701,201609,201701
2016-07-05,201609,201701,201609,201701
2016-07-06,201609,201701,201609,201701
2016-07-07,201609,201701,201609,201701
2016-07-08,201609,201701,201609,201701
2016-07-11,201609,201701,201609,201701
2016-07-12,201609,201701,201609,201701
2016-07-13,201609,201701,201609,201701
2016-07-14,201609,201701,201609,201701
2016-07-15,201609,201701,201609,201701
2016-07-18,201609,201701,201609,201701
2016-07-19,201609,201701,201609,201701
2016-07-20,201609,201701,201609,201701
2016-07-21,201609,201701,201609,201701
2016-07-22,201609,201701,201609,201701
2016-07-25,201609,201701,201609,201701
2016-07-26,201609,201701,201609,201701
2016-07-27,201609,201701,201609,201701
2016-07-28,201609,201701,201609,201701
2016-07-29,201609,201701,201609,201701
2016-08-01,201609,201701,201609,201701
2016-08-02,201609,201701,201609,201701
2016-08-03,201609,201701,201609,201701
2016-08-04,201609,201701,201609,201701
2016-08-05,201609,201701,201609,201701
2016-08-08,201609,201701,201609,201701
2016-08-09,201701,201609,201609,201701
2016-08-10,201701,201609,201609,201701
2016-08-11,201701,201609,201609,201701
2016-08-12,201701,201609,201609,201701
2016-08-15,201701,201609,201609,201701
2016-08-16,201701,201609,201609,201701
2016-08-17,201701,201609,201609,201701
2016-08-18,201701,201609,201609,201701
2016-08-19,201701,201609,201609,201701
2016-08-22,201701,201609,201609,201701
2016-08-23,201701,201609,201609,201701
2016-08-24,201701,201609,201609,201701
2016-08-25,201701,201609,201609,201701
2016-08-26,201701,201609,201609,201701
2016-08-29,201701,201705,201701,201705
2016-08-30,201701,201705,201701,201705
2016-08-31,201701,201705,201701,201705
2016-09-01,201701,201705,201701,201705
2016-09-02,201701,201705,201701,201705
2016-09-05,201701,201705,201701,201705
2016-09-06,201701,201705,201701,201705
2016-09-07,201701,201705,201701,201705
2016-09-08,201701,201705,201701,201705
2016-09-09,201701,201705,201701,201705
2016-09-12,201701,201705,201701,201705
2016-09-13,201701,201705,201701,201705
2016-09-14,201701,201705,201701,201705
2016-09-19,201701,201705,201701,201705
2016-09-20,201701,201705,201701,201705
2016-09-21,201701,201705,201701,201705
2016-09-22,201701,201705,201701,201705
2016-09-23,201701,201705,201701,201705
2016-09-26,201701,201705,201701,201705
2016-09-27,201701,201705,201701,201705
2016-09-28,201701,201705,201701,201705
2016-09-29,201701,201705,201701,201705
2016-09-30,201701,201705,201701,201705
2016-10-10,201701,201705,201701,201705
2016-10-11,201701,201705,201701,201705
2016-10-12,201701,201705,201701,201705
2016-10-13,201701,201705,201701,201705
2016-10-14,201701,201705,201701,201705
2016-10-17,201701,201705,201701,201705
2016-10-18,201701,201705,201701,201705
2016-10-19,201701,201705,201701,201705
2016-10-20,201701,201705,201701,201705
2016-10-21,201701,201705,201701,201705
2016-10-24,201701,201705,201701,201705
2016-10-25,201701,201705,201701,201705
2016-10-26,201701,201705,201701,201705
2016-10-27,201701,201705,201701,201705
2016-10-28,201701,201705,201701,201705
2016-10-31,201701,201705,201701,201705
2016-11-01,201701,201705,201701,201705
2016-11-02,201701,201705,201701,201705
2016-11-03,201701,201705,201701,201705
2016-11-04,201701,201705,201701,201705
2016-11-07,201701,201705,201701,201705
2016-11-08,201701,201705,201701,201705
2016-11-09,201701,201705,201701,201705
2016-11-10,201701,201705,201701,201705
2016-11-11,201701,201705,201701,201705
2016-11-14,201701,201705,201701,201705
2016-11-15,201701,201705,201701,201705
2016-11-16,201701,201705,201701,201705
2016-11-17,201701,201705,201701,201705
2016-11-18,201701,201705,201701,201705
2016-11-21,201701,201705,201701,201705
2016-11-22,201701,201705,201701,201705
2016-11-23,201701,201705,201701,201705
2016-11-24,201701,201705,201701,201705
2016-11-25,201701,201705,201701,201705
2016-11-28,201701,201705,201701,201705
2016-11-29,201701,201705,201701,201705
2016-11-30,201701,201705,201701,201705
2016-12-01,201705,201701,201701,201705
2016-12-02,201705,201701,201701,201705
2016-12-05,201705,201701,201701,201705
2016-12-06,201705,201701,201701,201705
2016-12-07,201705,201701,201701,201705
2016-12-08,201705,201701,201701,201705
2016-12-09,201705,201701,201701,201705
2016-12-12,201705,201701,201701,201705
2016-12-13,201705,201701,201701,201705
2016-12-14,201705,201701,201701,201705
2016-12-15,201705,201701,201701,201705
2016-12-16,201705,201701,201701,201705
2016-12-19,201705,201701,201701,201705
2016-12-20,201705,201701,201701,201705
2016-12-21,201705,201701,201701,201705
2016-12-22,201705,201701,201701,201705
2016-12-23,201705,201701,201701,201705
2016-12-26,201705,201709,201705,201709
2016-12-27,201705,201709,201705,201709
2016-12-28,201705,201709,201705,201709
2016-12-29,201705,201709,201705,201709
2016-12-30,201705,201709,201705,201709
2017-01-03,201705,201709,201705,201709
2017-01-04,201705,201709,201705,201709
2017-01-05,201705,201709,201705,201709
2017-01-06,201705,201709,201705,201709
2017-01-09,201705,201709,201705,201709
2017-01-10,201705,201709,201705,201709
2017-01-11,201705,201709,201705,201709
2017-01-12,201705,201709,201705,201709
2017-01-13,201705,201709,201705,201709
2017-01-16,201705,201709,201705,201709
2017-01-17,201705,201709,201705,201709
2017-01-18,201705,201709,201705,201709
2017-01-19,201705,201709,201705,201709
2017-01-20,201705,201709,201705,201709
2017-01-23,201705,201709,201705,201709
2017-01-24,201705,201709,201705,201709
2017-01-25,201705,201709,201705,201709
2017-01-26,201705,201709,201705,201709
2017-02-03,201705,201709,201705,201709
2017-02-06,201705,201709,201705,201709
2017-02-07,201705,201709,201705,201709
2017-02-08,201705,201709,201705,201709
2017-02-09,201705,201709,201705,201709
2017-02-10,201705,201709,201705,201709
2017-02-13,201705,201709,201705,201709
2017-02-14,201705,201709,201705,201709
2017-02-15,201705,201709,201705,201709
2017-02-16,201705,201709,201705,201709
2017-02-17,201705,201709,201705,201709
2017-02-20,201705,201709,201705,201709
2017-02-21,201705,201709,201705,201709
2017-02-22,201705,201709,201705,201709
2017-02-23,201705,201709,201705,201709
2017-02-24,201705,201709,201705,201709
2017-02-27,201705,201709,201705,201709
2017-02-28,201705,201709,201705,201709
2017-03-01,201705,201709,201705,201709
2017-03-02,201705,201709,201705,201709
2017-03-03,201705,201709,201705,201709
2017-03-06,201705,201709,201705,201709
2017-03-07,201705,201709,201705,201709
2017-03-08,201705,201709,201705,201709
2017-03-09,201705,201709,201705,201709
2017-03-10,201705,201709,201705,201709
2017-03-13,201705,201709,201705,201709
2017-03-14,201705,201709,201705,201709
2017-03-15,201705,201709,201705,201709
2017-03-16,201705,201709,201705,201709
2017-03-17,201705,201709,201705,201709
2017-03-20,201705,201709,201705,201709
2017-03-21,201705,201709,201705,201709
2017-03-22,201705,201709,201705,201709
2017-03-23,201705,201709,201705,201709
2017-03-24,201705,201709,201705,201709
2017-03-27,201705,201709,201705,201709
2017-03-28,201705,201709,201705,201709
2017-03-29,201705,201709,201705,201709
2017-03-30,201705,201709,201705,201709
2017-03-31,201705,201709,201705,201709
2017-04-05,201705,201709,201705,201709
2017-04-06,201705,201709,201705,201709
2017-04-07,201709,201705,201705,201709
2017-04-10,201709,201705,201705,201709
2017-04-11,201709,201705,201705,201709
2017-04-12,201709,201705,201705,201709
2017-04-13,201709,201705,201705,201709
2017-04-14,201709,201705,201705,201709
2017-04-17,201709,201705,201705,201709
2017-04-18,201709,201705,201705,201709
2017-04-19,201709,201705,201705,201709
2017-04-20,201709,201705,201705,201709
2017-04-21,201709,201705,201705,201709
2017-04-24,201709,201705,201705,201709
2017-04-25,201709,201705,201705,201709
2017-04-26,201709,201801,201709,201801
2017-04-27,201709,201801,201709,201801
2017-04-28,201709,201705,201709,201801
2017-05-02,201709,201801,201709,201801
2017-05-03,201709,201801,201709,201801
2017-05-04,201709,201801,201709,201801
2017-05-05,201709,201801,201709,201801
2017-05-08,201709,201801,201709,201801
2017-05-09,201709,201801,201709,201801
2017-05-10,201709,201801,201709,201801
2017-05-11,201709,201801,201709,201801
2017-05-12,201709,201801,201709,201801
2017-05-15,201709,201801,201709,201801
2017-05-16,201709,201801,201709,201801
2017-05-17,201709,201801,201709,201801
2017-05-18,201709,201801,201709,201801
2017-05-19,201709,201801,201709,201801
2017-05-22,201709,201801,201709,201801
2017-05-23,201709,201801,201709,201801
2017-05-24,201709,201801,201709,201801
2017-05-25,201709,201801,201709,201801
2017-05-26,201709,201801,201709,201801
2017-05-31,201709,201801,201709,201801
2017-06-01,201709,201801,201709,201801
2017-06-02,201709,201801,201709,201801
2017-06-05,201709,201801,201709,201801
2017-06-06,201709,201801,201709,201801
2017-06-07,201709,201801,201709,201801
2017-06-08,201709,201801,201709,201801
2017-06-09,201709,201801,201709,201801
2017-06-12,201709,201801,201709,201801
2017-06-13,201709,201801,201709,201801
2017-06-14,201709,201801,201709,201801
2017-06-15,201709,201801,201709,201801
2017-06-16,201709,201801,201709,201801
2017-06-19,201709,201801,201709,201801
2017-06-20,201709,201801,201709,201801
2017-06-21,201709,201801,201709,201801
2017-06-22,201709,201801,201709,201801
2017-06-23,201709,201801,201709,201801
2017-06-26,201709,201801,201709,201801
2017-06-27,201709,201801,201709,201801
2017-06-28,201709,201801,201709,201801
2017-06-29,201709,201801,201709,201801
2017-06-30,201709,201801,201709,201801
2017-07-03,201709,201801,201709,201801
2017-07-04,201709,201801,201709,201801
2017-07-05,201709,201801,201709,201801
2017-07-06,201709,201801,201709,201801
2017-07-07,201709,201801,201709,201801
2017-07-10,201709,201801,201709,201801
2017-07-11,201709,201801,201709,201801
2017-07-12,201709,201801,201709,201801
2017-07-13,201709,201801,201709,201801
2017-07-14,201709,201801,201709,201801
2017-07-17,201709,201801,201709,201801
2017-07-18,201709,201801,201709,201801
2017-07-19,201709,201801,201709,201801
2017-07-20,201709,201801,201709,201801
2017-07-21,201709,201801,201709,201801
2017-07-24,201709,201801,201709,201801
2017-07-25,201709,201801,201709,201801
2017-07-26,201709,201801,201709,201801
2017-07-27,201709,201801,201709,201801
2017-07-28,201709,201801,201709,201801
2017-07-31,201709,201801,201709,201801
2017-08-01,201709,201801,201709,201801
2017-08-02,201709,201801,201709,201801
2017-08-03,201709,201801,201709,201801
2017-08-04,201801,201709,201709,201801
2017-08-07,201801,201709,201709,201801
2017-08-08,201801,201709,201709,201801
2017-08-09,201801,201709,201709,201801
2017-08-10,201801,201709,201709,201801
2017-08-11,201801,201709,201709,201801
2017-08-14,201801,201709,201709,201801
2017-08-15,201801,201709,201709,201801
2017-08-16,201801,201709,201709,201801
2017-08-17,201801,201709,201709,201801
2017-08-18,201801,201709,201709,201801
2017-08-21,201801,201709,201709,201801
2017-08-22,201801,201709,201709,201801
2017-08-23,201801,201709,201709,201801
2017-08-24,201801,201709,201709,201801
2017-08-25,201801,201709,201709,201801
2017-08-28,201801,201805,201801,201805
2017-08-29,201801,201805,201801,201805
2017-08-30,201801,201805,201801,201805
2017-08-31,201801,201805,201801,201805
2017-09-01,201801,201805,201801,201805
2017-09-04,201801,201805,201801,201805
2017-09-05,201801,201805,201801,201805
2017-09-06,201801,201805,201801,201805
2017-09-07,201801,201805,201801,201805
2017-09-08,201801,201805,201801,201805
2017-09-11,201801,201805,201801,201805
2017-09-12,201801,201805,201801,201805
2017-09-13,201801,201805,201801,201805
2017-09-14,201801,201805,201801,201805
2017-09-15,201801,201805,201801,201805
2017-09-18,201801,201805,201801,201805
2017-09-19,201801,201805,201801,201805
2017-09-20,201801,201805,201801,201805
2017-09-21,201801,201805,201801,201805
2017-09-22,201801,201805,201801,201805
2017-09-25,201801,201805,201801,201805
2017-09-26,201801,201805,201801,201805
2017-09-27,201801,201805,201801,201805
2017-09-28,201801,201805,201801,201805
2017-09-29,201801,201805,201801,201805
2017-10-09,201801,201805,201801,201805
2017-10-10,201801,201805,201801,201805
2017-10-11,201801,201805,201801,201805
2017-10-12,201801,201805,201801,201805
2017-10-13,201801,201805,201801,201805
2017-10-16,201801,201805,201801,201805
2017-10-17,201801,201805,201801,201805
2017-10-18,201801,201805,201801,201805
2017-10-19,201801,201805,201801,201805
2017-10-20,201801,201805,201801,201805
2017-10-23,201801,201805,201801,201805
2017-10-24,201801,201805,201801,201805
2017-10-25,201801,201805,201801,201805
2017-10-26,201801,201805,201801,201805
2017-10-27,201801,201805,201801,201805
2017-10-30,201801,201805,201801,201805
2017-10-31,201801,201805,201801,201805
2017-11-01,201801,201805,201801,201805
2017-11-02,201801,201805,201801,201805
2017-11-03,201801,201805,201801,201805
2017-11-06,201801,201805,201801,201805
2017-11-07,201801,201805,201801,201805
2017-11-08,201801,201805,201801,201805
2017-11-09,201801,201805,201801,201805
2017-11-10,201801,201805,201801,201805
2017-11-13,201801,201805,201801,201805
2017-11-14,201801,201805,201801,201805
2017-11-15,201801,201805,201801,201805
2017-11-16,201801,201805,201801,201805
2017-11-17,201801,201805,201801,201805
2017-11-20,201801,201805,201801,201805
2017-11-21,201801,201805,201801,201805
2017-11-22,201801,201805,201801,201805
2017-11-23,201801,201805,201801,201805
2017-11-24,201801,201805,201801,201805
2017-11-27,201801,201805,201801,201805
2017-11-28,201801,201805,201801,201805
2017-11-29,201801,201805,201801,201805
2017-11-30,201801,201805,201801,201805
2017-12-01,201801,201805,201801,201805
2017-12-04,201801,201805,201801,201805
2017-12-05,201801,201805,201801,201805
2017-12-06,201801,201805,201801,201805
2017-12-07,201801,201805,201801,201805
2017-12-08,201801,201805,201801,201805
2017-12-11,201805,201801,201801,201805
2017-12-12,201805,201801,201801,201805
2017-12-13,201805,201801,201801,201805
2017-12-14,201805,201801,201801,201805
2017-12-15,201805,201801,201801,201805
2017-12-18,201805,201801,201801,201805
2017-12-19,201805,201801,201801,201805
2017-12-20,201805,201801,201801,201805
2017-12-21,201805,201801,201801,201805
2017-12-22,201805,201801,201801,201805
2017-12-25,201805,201801,201801,201805
2017-12-26,201805,201801,201801,201805
2017-12-27,201805,201801,201801,201805
2017-12-28,201805,201801,201801,201805
2017-12-29,201805,201801,201801,201805
2018-01-02,201805,201809,201805,201809
2018-01-03,201805,201809,201805,201809
2018-01-04,201805,201809,201805,201809
2018-01-05,201805,201809,201805,201809
2018-01-08,201805,201809,201805,201809
2018-01-09,201805,201809,201805,201809
2018-01-10,201805,201809,201805,201809
2018-01-11,201805,201809,201805,201809
2018-01-12,201805,201809,201805,201809
2018-01-15,201805,201809,201805,201809
2018-01-16,201805,201809,201805,201809
2018-01-17,201805,201809,201805,201809
2018-01-18,201805,201809,201805,201809
2018-01-19,201805,201809,201805,201809
2018-01-22,201805,201809,201805,201809
2018-01-23,201805,201809,201805,201809
2018-01-24,201805,201809,201805,201809
2018-01-25,201805,201809,201805,201809
2018-01-26,201805,201809,201805,201809
2018-01-29,201805,201809,201805,201809
2018-01-30,201805,201809,201805,201809
2018-01-31,201805,201809,201805,201809
2018-02-01,201805,201809,201805,201809
2018-02-02,201805,201809,201805,201809
2018-02-05,201805,201809,201805,201809
2018-02-06,201805,201809,201805,201809
2018-02-07,201805,201809,201805,201809
2018-02-08,201805,201809,201805,201809
2018-02-09,201805,201809,201805,201809
2018-02-12,201805,201809,201805,201809
2018-02-13,201805,201809,201805,201809
2018-02-14,201805,201809,201805,201809
2018-02-22,201805,201809,201805,201809
2018-02-23,201805,201809,201805,201809
2018-02-26,201805,201809,201805,201809
2018-02-27,201805,201809,201805,201809
2018-02-28,201805,201809,201805,201809
2018-03-01,201805,201809,201805,201809
2018-03-02,201805,201809,201805,201809
2018-03-05,201805,201809,201805,201809
2018-03-06,201805,201809,201805,201809
2018-03-07,201805,201809,201805,201809
2018-03-08,201805,201809,201805,201809
2018-03-09,201805,201809,201805,201809
2018-03-12,201805,201809,201805,201809
2018-03-13,201805,201809,201805,201809
2018-03-14,201805,201809,201805,201809
2018-03-15,201805,201809,201805,201809
2018-03-16,201805,201809,201805,201809
2018-03-19,201805,201809,201805,201809
2018-03-20,201805,201809,201805,201809
2018-03-21,201805,201809,201805,201809
2018-03-22,201805,201809,201805,201809
2018-03-23,201805,201809,201805,201809
2018-03-26,201805,201809,201805,201809
2018-03-27,201805,201809,201805,201809
2018-03-28,201805,201809,201805,201809
2018-03-29,201805,201809,201805,201809
2018-03-30,201805,201809,201805,201809
2018-04-02,201805,201809,201805,201809
2018-04-03,201805,201809,201805,201809
2018-04-04,201805,201809,201805,201809
2018-04-09,201805,201809,201805,201809
2018-04-10,201805,201809,201805,201809
2018-04-11,201809,201805,201805,201809
2018-04-12,201809,201805,201805,201809
2018-04-13,201809,201805,201805,201809
2018-04-16,201809,201805,201805,201809
2018-04-17,201809,201805,201805,201809
2018-04-18,201809,201805,201805,201809
2018-04-19,201809,201805,201805,201809
2018-04-20,201809,201805,201805,201809
2018-04-23,201809,201805,201805,201809
2018-04-24,201809,201805,201805,201809
2018-04-25,201809,201901,201809,201901
2018-04-26,201809,201901,201809,201901
2018-04-27,201809,201805,201809,201901
2018-05-02,201809,201901,201809,201901
2018-05-03,201809,201901,201809,201901
2018-05-04,201809,201901,201809,201901
2018-05-07,201809,201901,201809,201901
2018-05-08,201809,201901,201809,201901
2018-05-09,201809,201901,201809,201901
2018-05-10,201809,201901,201809,201901
2018-05-11,201809,201901,201809,201901
2018-05-14,201809,201901,201809,201901
2018-05-15,201809,201901,201809,201901
2018-05-16,201809,201901,201809,201901
2018-05-17,201809,201901,201809,201901
2018-05-18,201809,201901,201809,201901
2018-05-21,201809,201901,201809,201901
2018-05-22,201809,201901,201809,201901
2018-05-23,201809,201901,201809,201901
2018-05-24,201809,201901,201809,201901
2018-05-25,201809,201901,201809,201901
2018-05-28,201809,201901,201809,201901
2018-05-29,201809,201901,201809,201901
2018-05-30,201809,201901,201809,201901
2018-05-31,201809,201901,201809,201901
2018-06-01,201809,201901,201809,201901
2018-06-04,201809,201901,201809,201901
2018-06-05,201809,201901,201809,201901
2018-06-06,201809,201901,201809,201901
2018-06-07,201809,201901,201809,201901
2018-06-08,201809,201901,201809,201901
2018-06-11,201809,201901,201809,201901
2018-06-12,201809,201901,201809,201901
2018-06-13,201809,201901,201809,201901
2018-06-14,201809,201901,201809,201901
2018-06-15,201809,201901,201809,201901
2018-06-19,201809,201901,201809,201901
2018-06-20,201809,201901,201809,201901
2018-06-21,201809,201901,201809,201901
2018-06-22,201809,201901,201809,201901
2018-06-25,201809,201901,201809,201901
2018-06-26,201809,201901,201809,201901
2018-06-27,201809,201901,201809,201901
2018-06-28,201809,201901,201809,201901
2018-06-29,201809,201901,201809,201901
2018-07-02,201809,201901,201809,201901
2018-07-03,201809,201901,201809,201901
2018-07-04,201809,201901,201809,201901
2018-07-05,201809,201901,201809,201901
2018-07-06,201809,201901,201809,201901
2018-07-09,201809,201901,201809,201901
2018-07-10,201809,201901,201809,201901
2018-07-11,201809,201901,201809,201901
2018-07-12,201809,201901,201809,201901
2018-07-13,201809,201901,201809,201901
2018-07-16,201809,201901,201809,201901
2018-07-17,201809,201901,201809,201901
2018-07-18,201809,201901,201809,201901
2018-07-19,201809,201901,201809,201901
2018-07-20,201809,201901,201809,201901
2018-07-23,201809,201901,201809,201901
2018-07-24,201809,201901,201809,201901
2018-07-25,201809,201901,201809,201901
2018-07-26,201809,201901,201809,201901
2018-07-27,201809,201901,201809,201901
2018-07-30,201809,201901,201809,201901
2018-07-31,201809,201901,201809,201901
2018-08-01,201809,201901,201809,201901
2018-08-02,201809,201901,201809,201901
2018-08-03,201809,201901,201809,201901
2018-08-06,201809,201901,201809,201901
2018-08-07,201809,201901,201809,201901
2018-08-08,201901,201809,201809,201901
2018-08-09,201901,201809,201809,201901
2018-08-10,201901,201809,201809,201901
2018-08-13,201901,201809,201809,201901
2018-08-14,201901,201809,201809,201901
2018-08-15,201901,201809,201809,201901
2018-08-16,201901,201809,201809,201901
2018-08-17,201901,201809,201809,201901
2018-08-20,201901,201809,201809,201901
2018-08-21,201901,201809,201809,201901
2018-08-22,201901,201809,201809,201901
2018-08-23,201901,201905,201901,201905
2018-08-24,201901,201905,201901,201905
2018-08-27,201901,201905,201901,201905
2018-08-28,201901,201905,201901,201905
2018-08-29,201901,201905,201901,201905
2018-08-30,201901,201905,201901,201905
2018-08-31,201901,201905,201901,201905
2018-09-03,201901,201905,201901,201905
2018-09-04,201901,201905,201901,201905
2018-09-05,201901,201905,201901,201905
2018-09-06,201901,201905,201901,201905
2018-09-07,201901,201905,201901,201905
2018-09-10,201901,201905,201901,201905
2018-09-11,201901,201905,201901,201905
2018-09-12,201901,201905,201901,201905
2018-09-13,201901,201905,201901,201905
2018-09-14,201901,201905,201901,201905
2018-09-17,201901,201905,201901,201905
2018-09-18,201901,201905,201901,201905
2018-09-19,201901,201905,201901,201905
2018-09-20,201901,201905,201901,201905
2018-09-21,201901,201905,201901,201905
2018-09-25,201901,201905,201901,201905
2018-09-26,201901,201905,201901,201905
2018-09-27,201901,201905,201901,201905
2018-09-28,201901,201905,201901,201905
2018-10-08,201901,201905,201901,201905
2018-10-09,201901,201905,201901,201905
2018-10-10,201901,201905,201901,201905
2018-10-11,201901,201905,201901,201905
2018-10-12,201901,201905,201901,201905
2018-10-15,201901,201905,201901,201905
2018-10-16,201901,201905,201901,201905
2018-10-17,201901,201905,201901,201905
2018-10-18,201901,201905,201901,201905
2018-10-19,201901,201905,201901,201905
2018-10-22,201901,201905,201901,201905
2018-10-23,201901,201905,201901,201905
2018-10-24,201901,201905,201901,201905
2018-10-25,201901,201905,201901,201905
2018-10-26,201901,201905,201901,201905
2018-10-29,201901,201905,201901,201905
2018-10-30,201901,201905,201901,201905
2018-10-31,201901,201905,201901,201905
2018-11-01,201901,201905,201901,201905
2018-11-02,201901,201905,201901,201905
2018-11-05,201901,201905,201901,201905
2018-11-06,201901,201905,201901,201905
2018-11-07,201901,201905,201901,201905
2018-11-08,201901,201905,201901,201905
2018-11-09,201901,201905,201901,201905
2018-11-12,201901,201905,201901,201905
2018-11-13,201901,201905,201901,201905
2018-11-14,201901,201905,201901,201905
2018-11-15,201901,201905,201901,201905
2018-11-16,201901,201905,201901,201905
2018-11-19,201901,201905,201901,201905
2018-11-20,201901,201905,201901,201905
2018-11-21,201901,201905,201901,201905
2018-11-22,201901,201905,201901,201905
2018-11-23,201901,201905,201901,201905
2018-11-26,201901,201905,201901,201905
2018-11-27,201901,201905,201901,201905
2018-11-28,201901,201905,201901,201905
2018-11-29,201901,201905,201901,201905
2018-11-30,201901,201905,201901,201905
2018-12-03,201901,201905,201901,201905
2018-12-04,201901,201905,201901,201905
2018-12-05,201901,201905,201901,201905
2018-12-06,201901,201905,201901,201905
2018-12-07,201901,201905,201901,201905
2018-12-10,201901,201905,201901,201905
2018-12-11,201905,201901,201901,201905
2018-12-12,201905,201901,201901,201905
2018-12-13,201905,201901,201901,201905
2018-12-14,201905,201901,201901,201905
2018-12-17,201905,201901,201901,201905
2018-12-18,201905,201901,201901,201905
2018-12-19,201905,201901,201901,201905
2018-12-20,201905,201901,201901,201905
2018-12-21,201905,201901,201901,201905
2018-12-24,201905,201901,201901,201905
2018-12-25,201905,201901,201901,201905
2018-12-26,201905,201909,201905,201909
2018-12-27,201905,201909,201905,201909
2018-12-28,201905,201901,201905,201909
2019-01-02,201905,201909,201905,201909
2019-01-03,201905,201909,201905,201909
2019-01-04,201905,201909,201905,201909
2019-01-07,201905,201909,201905,201909
2019-01-08,201905,201909,201905,201909
2019-01-09,201905,201909,201905,201909
2019-01-10,201905,201909,201905,201909
2019-01-11,201905,201909,201905,201909
2019-01-14,201905,201909,201905,201909
2019-01-15,201905,201909,201905,201909
2019-01-16,201905,201909,201905,201909
2019-01-17,201905,201909,201905,201909
2019-01-18,201905,201909,201905,201909
2019-01-21,201905,201909,201905,201909
2019-01-22,201905,201909,201905,201909
2019-01-23,201905,201909,201905,201909
2019-01-24,201905,201909,201905,201909
2019-01-25,201905,201909,201905,201909
2019-01-28,201905,201909,201905,201909
2019-01-29,201905,201909,201905,201909
2019-01-30,201905,201909,201905,201909
2019-01-31,201905,201909,201905,201909
2019-02-01,201905,201909,201905,201909
2019-02-11,201905,201909,201905,201909
2019-02-12,201905,201909,201905,201909
2019-02-13,201905,201909,201905,201909
2019-02-14,201905,201909,201905,201909
2019-02-15,201905,201909,201905,201909
2019-02-18,201905,201909,201905,201909
2019-02-19,201905,201909,201905,201909
2019-02-20,201905,201909,201905,201909
2019-02-21,201905,201909,201905,201909
2019-02-22,201905,201909,201905,201909
2019-02-25,201905,201909,201905,201909
2019-02-26,201905,201909,201905,201909
2019-02-27,201905,201909,201905,201909
2019-02-28,201905,201909,201905,201909
2019-03-01,201905,201909,201905,201909
2019-03-04,201905,201909,201905,201909
2019-03-05,201905,201909,201905,201909
2019-03-06,201905,201909,201905,201909
2019-03-07,201905,201909,201905,201909
2019-03-08,201905,201909,201905,201909
2019-03-11,201905,201909,201905,201909
2019-03-12,201905,201909,201905,201909
2019-03-13,201905,201909,201905,201909
2019-03-14,201905,201909,201905,201909
2019-03-15,201905,201909,201905,201909
2019-03-18,201905,201909,201905,201909
2019-03-19,201905,201909,201905,201909
2019-03-20,201905,201909,201905,201909
2019-03-21,201905,201909,201905,201909
2019-03-22,201905,201909,201905,201909
2019-03-25,201905,201909,201905,201909
2019-03-26,201905,201909,201905,201909
2019-03-27,201905,201909,201905,201909
2019-03-28,201905,201909,201905,201909
2019-03-29,201905,201909,201905,201909
2019-04-01,201905,201909,201905,201909
2019-04-02,201905,201909,201905,201909
2019-04-03,201905,201909,201905,201909
2019-04-04,201905,201909,201905,201909
2019-04-08,201905,201909,201905,201909
2019-04-09,201905,201909,201905,201909
2019-04-10,201905,201909,201905,201909
2019-04-11,201905,201909,201905,201909
2019-04-12,201909,201905,201905,201909
2019-04-15,201909,201905,201905,201909
2019-04-16,201909,201905,201905,201909
2019-04-17,201909,201905,201905,201909
2019-04-18,201909,201905,201905,201909
2019-04-19,201909,201905,201905,201909
2019-04-22,201909,201905,201905,201909
2019-04-23,201909,201905,201905,201909
2019-04-24,201909,201905,201905,201909
2019-04-25,201909,201905,201905,201909
2019-04-26,201909,201905,201905,201909
2019-04-29,201909,201905,201905,201909
2019-04-30,201909,201905,201905,201909
2019-05-06,201909,202001,201909,202001
2019-05-07,201909,202001,201909,202001
2019-05-08,201909,201911,201909,202001
2019-05-09,201909,201911,201909,202001
2019-05-10,201909,201911,201909,202001
2019-05-13,201909,201911,201909,202001
2019-05-14,201909,201911,201909,202001
2019-05-15,201909,201911,201909,202001
2019-05-16,201909,201911,201909,202001
2019-05-17,201909,201911,201909,202001
2019-05-20,201909,201911,201909,202001
2019-05-21,201909,201911,201909,202001
2019-05-22,201909,201911,201909,202001
2019-05-23,201909,201911,201909,202001
2019-05-24,201909,201911,201909,202001
2019-05-27,201909,201911,201909,202001
2019-05-28,201909,201911,201909,202001
2019-05-29,201909,201911,201909,202001
2019-05-30,201909,201911,201909,202001
2019-05-31,201909,201911,201909,202001
2019-06-03,201909,202001,201909,202001
2019-06-04,201909,201911,201909,202001
2019-06-05,201909,201911,201909,202001
2019-06-06,201909,201911,201909,202001
2019-06-10,201909,201911,201909,202001
2019-06-11,201909,201911,201909,202001
2019-06-12,201909,201911,201909,202001
2019-06-13,201909,201911,201909,202001
2019-06-14,201909,201911,201909,202001
2019-06-17,201909,201911,201909,202001
2019-06-18,201909,201911,201909,202001
2019-06-19,201909,201911,201909,202001
2019-06-20,201909,201911,201909,202001
2019-06-21,201909,201911,201909,202001
2019-06-24,201909,201911,201909,202001
2019-06-25,201909,201911,201909,202001
2019-06-26,201909,201911,201909,202001
2019-06-27,201909,201911,201909,202001
2019-06-28,201909,201911,201909,202001
2019-07-01,201909,201911,201909,202001
2019-07-02,201909,201911,201909,202001
2019-07-03,201909,201911,201909,202001
2019-07-04,201909,201911,201909,202001
2019-07-05,201909,201911,201909,202001
2019-07-08,201909,201911,201909,202001
2019-07-09,201909,201911,201909,202001
2019-07-10,201909,201911,201909,202001
2019-07-11,201909,201911,201909,202001
2019-07-12,201909,201911,201909,202001
2019-07-15,201909,201911,201909,202001
2019-07-16,201909,201911,201909,202001
2019-07-17,201909,201911,201909,202001
2019-07-18,201909,201911,201909,202001
2019-07-19,201909,201911,201909,202001
2019-07-22,201909,201911,201909,202001
2019-07-23,201909,201911,201909,202001
2019-07-24,201909,201911,201909,202001
2019-07-25,201909,201911,201909,202001
2019-07-26,201909,201911,201909,202001
2019-07-29,201909,201911,201909,202001
2019-07-30,201909,201911,201909,202001
2019-07-31,201909,201911,201909,202001
2019-08-01,201909,202001,201909,202001
2019-08-02,201909,202001,201909,202001
2019-08-05,201909,202001,201909,202001
2019-08-06,201909,202001,201909,202001
2019-08-07,201909,202001,201909,202001
2019-08-08,201909,202001,201909,202001
2019-08-09,201909,202001,201909,202001
2019-08-12,201909,202001,201909,202001
2019-08-13,201909,202001,201909,202001
2019-08-14,201909,202001,201909,202001
2019-08-15,201909,202001,201909,202001
2019-08-16,202001,201909,201909,202001
2019-08-19,202001,201909,201909,202001
2019-08-20,202001,201909,201909,202001
2019-08-21,202001,201909,201909,202001
2019-08-22,202001,201909,201909,202001
2019-08-23,202001,201909,201909,202001
2019-08-26,202001,201909,201909,202001
2019-08-27,202001,201909,201909,202001
2019-08-28,202001,201909,201909,202001
2019-08-29,202001,201909,201909,202001
2019-08-30,202001,201909,201909,202001
2019-09-02,202001,201911,201911,202001
2019-09-03,202001,201911,201911,202001
2019-09-04,202001,201911,201911,202001
2019-09-05,202001,201911,201911,202001
2019-09-06,202001,201911,201911,202001
2019-09-09,202001,201911,201911,202001
2019-09-10,202001,201911,201911,202001
2019-09-11,202001,201911,201911,202001
2019-09-12,202001,201911,201911,202001
2019-09-16,202001,201911,201911,202001
2019-09-17,202001,202005,202001,202005
2019-09-18,202001,201911,202001,202005
2019-09-19,202001,201911,202001,202005
2019-09-20,202001,201911,202001,202005
2019-09-23,202001,201911,202001,202005
2019-09-24,202001,201911,202001,202005
2019-09-25,202001,201911,202001,202005
2019-09-26,202001,201911,202001,202005
2019-09-27,202001,201911,202001,202005
2019-09-30,202001,201911,202001,202005
2019-10-08,202001,201911,202001,202005
2019-10-09,202001,202005,202001,202005
2019-10-10,202001,202005,202001,202005
2019-10-11,202001,202005,202001,202005
2019-10-14,202001,202005,202001,202005
2019-10-15,202001,202005,202001,202005
2019-10-16,202001,202005,202001,202005
2019-10-17,202001,202005,202001,202005
2019-10-18,202001,202005,202001,202005
2019-10-21,202001,202005,202001,202005
2019-10-22,202001,202005,202001,202005
2019-10-23,202001,202005,202001,202005
2019-10-24,202001,202005,202001,202005
2019-10-25,202001,202005,202001,202005
2019-10-28,202001,202005,202001,202005
2019-10-29,202001,202005,202001,202005
2019-10-30,202001,202005,202001,202005
2019-10-31,202001,202005,202001,202005
2019-11-01,202001,202005,202001,202005
2019-11-04,202001,202005,202001,202005
2019-11-05,202001,202005,202001,202005
2019-11-06,202001,202005,202001,202005
2019-11-07,202001,202005,202001,202005
2019-11-08,202001,202005,202001,202005
2019-11-11,202001,202005,202001,202005
2019-11-12,202001,202005,202001,202005
2019-11-13,202001,202005,202001,202005
2019-11-14,202001,202005,202001,202005
2019-11-15,202001,202005,202001,202005
2019-11-18,202001,202005,202001,202005
2019-11-19,202001,202005,202001,202005
2019-11-20,202001,202005,202001,202005
2019-11-21,202001,202005,202001,202005
2019-11-22,202001,202005,202001,202005
2019-11-25,202001,202005,202001,202005
2019-11-26,202001,202005,202001,202005
2019-11-27,202001,202005,202001,202005
2019-11-28,202001,202005,202001,202005
2019-11-29,202001,202005,202001,202005
2019-12-02,202001,202005,202001,202005
2019-12-03,202001,202005,202001,202005
2019-12-04,202001,202005,202001,202005
2019-12-05,202001,202005,202001,202005
2019-12-06,202001,202005,202001,202005
2019-12-09,202001,202005,202001,202005
2019-12-10,202001,202005,202001,202005
2019-12-11,202001,202005,202001,202005
2019-12-12,202001,202005,202001,202005
2019-12-13,202005,202001,202001,202005
2019-12-16,202005,202001,202001,202005
2019-12-17,202005,202001,202001,202005
2019-12-18,202005,202001,202001,202005
2019-12-19,202005,202001,202001,202005
2019-12-20,202005,202001,202001,202005
2019-12-23,202005,202001,202001,202005
2019-12-24,202005,202001,202001,202005
2019-12-25,202005,202001,202001,202005
2019-12-26,202005,202001,202001,202005
2019-12-27,202005,202001,202001,202005
2019-12-30,202005,202001,202001,202005
2019-12-31,202005,202001,202001,202005
2020-01-02,202005,202009,202005,202009
2020-01-03,202005,202009,202005,202009
2020-01-06,202005,202009,202005,202009
2020-01-07,202005,202009,202005,202009
2020-01-08,202005,202009,202005,202009
2020-01-09,202005,202009,202005,202009
2020-01-10,202005,202009,202005,202009
2020-01-13,202005,202009,202005,202009
2020-01-14,202005,202009,202005,202009
2020-01-15,202005,202009,202005,202009
2020-01-16,202005,202009,202005,202009
2020-01-17,202005,202009,202005,202009
2020-01-20,202005,202009,202005,202009
2020-01-21,202005,202009,202005,202009
2020-01-22,202005,202009,202005,202009
2020-01-23,202005,202009,202005,202009
2020-02-03,202005,202009,202005,202009
2020-02-04,202005,202009,202005,202009
2020-02-05,202005,202009,202005,202009
2020-02-06,202005,202009,202005,202009
2020-02-07,202005,202009,202005,202009
2020-02-10,202005,202009,202005,202009
2020-02-11,202005,202009,202005,202009
2020-02-12,202005,202009,202005,202009
2020-02-13,202005,202009,202005,202009
2020-02-14,202005,202009,202005,202009
2020-02-17,202005,202009,202005,202009
2020-02-18,202005,202009,202005,202009
2020-02-19,202005,202009,202005,202009
2020-02-20,202005,202009,202005,202009
2020-02-21,202005,202009,202005,202009
2020-02-24,202005,202009,202005,202009
2020-02-25,202005,202009,202005,202009
2020-02-26,202005,202009,202005,202009
2020-02-27,202005,202009,202005,202009
2020-02-28,202005,202009,202005,202009
2020-03-02,202005,202009,202005,202009
2020-03-03,202005,202009,202005,202009
2020-03-04,202005,202009,202005,202009
2020-03-05,202005,202009,202005,202009
2020-03-06,202005,202009,202005,202009
2020-03-09,202005,202009,202005,202009
2020-03-10,202005,202009,202005,202009
2020-03-11,202005,202009,202005,202009
2020-03-12,202005,202009,202005,202009
2020-03-13,202005,202009,202005,202009
2020-03-16,202005,202009,202005,202009
2020-03-17,202005,202009,202005,202009
2020-03-18,202005,202009,202005,202009
2020-03-19,202005,202009,202005,202009
2020-03-20,202005,202009,202005,202009
2020-03-23,202005,202009,202005,202009
2020-03-24,202005,202009,202005,202009
2020-03-25,202005,202009,202005,202009
2020-03-26,202005,202009,202005,202009
2020-03-27,202005,202009,202005,202009
2020-03-30,202005,202009,202005,202009
2020-03-31,202005,202009,202005,202009
2020-04-01,202005,202009,202005,202009
2020-04-02,202005,202009,202005,202009
2020-04-03,202005,202009,202005,202009
2020-04-07,202005,202009,202005,202009
2020-04-08,202005,202009,202005,202009
2020-04-09,202005,202009,202005,202009
2020-04-10,202005,202009,202005,202009
2020-04-13,202009,202005,202005,202009
2020-04-14,202009,202005,202005,202009
2020-04-15,202009,202005,202005,202009
2020-04-16,202009,202005,202005,202009
2020-04-17,202009,202005,202005,202009
2020-04-20,202009,202005,202005,202009
2020-04-21,202009,202005,202005,202009
2020-04-22,202009,202005,202005,202009
2020-04-23,202009,202005,202005,202009
2020-04-24,202009,202005,202005,202009
2020-04-27,202009,202005,202005,202009
2020-04-28,202009,202005,202005,202009
2020-04-29,202009,202101,202009,202101
2020-04-30,202009,202101,202009,202101
2020-05-06,202009,202101,202009,202101
2020-05-07,202009,202101,202009,202101
2020-05-08,202009,202101,202009,202101
2020-05-11,202009,202101,202009,202101
2020-05-12,202009,202101,202009,202101
2020-05-13,202009,202101,202009,202101
2020-05-14,202009,202101,202009,202101
2020-05-15,202009,202101,202009,202101
2020-05-18,202009,202101,202009,202101
2020-05-19,202009,202101,202009,202101
2020-05-20,202009,202101,202009,202101
2020-05-21,202009,202007,202009,202101
2020-05-22,202009,202007,202009,202101
2020-05-25,202009,202007,202009,202101
2020-05-26,202009,202007,202009,202101
2020-05-27,202009,202007,202009,202101
2020-05-28,202009,202007,202009,202101
2020-05-29,202009,202007,202009,202101
2020-06-01,202009,202101,202009,202101
2020-06-02,202009,202101,202009,202101
2020-06-03,202009,202101,202009,202101
2020-06-04,202009,202101,202009,202101
2020-06-05,202009,202101,202009,202101
2020-06-08,202009,202101,202009,202101
2020-06-09,202009,202101,202009,202101
2020-06-10,202009,202101,202009,202101
2020-06-11,202009,202101,202009,202101
2020-06-12,202009,202101,202009,202101
2020-06-15,202009,202101,202009,202101
2020-06-16,202009,202101,202009,202101
2020-06-17,202009,202101,202009,202101
2020-06-18,202009,202101,202009,202101
2020-06-19,202009,202101,202009,202101
2020-06-22,202009,202101,202009,202101
2020-06-23,202009,202101,202009,202101
2020-06-24,202009,202101,202009,202101
2020-06-29,202009,202101,202009,202101
2020-06-30,202009,202101,202009,202101
2020-07-01,202009,202101,202009,202101
2020-07-02,202009,202101,202009,202101
2020-07-03,202009,202101,202009,202101
2020-07-06,202009,202101,202009,202101
2020-07-07,202009,202101,202009,202101
2020-07-08,202009,202101,202009,202101
2020-07-09,202009,202101,202009,202101
2020-07-10,202009,202101,202009,202101
2020-07-13,202009,202101,202009,202101
2020-07-14,202009,202101,202009,202101
2020-07-15,202009,202101,202009,202101
2020-07-16,202009,202101,202009,202101
2020-07-17,202009,202101,202009,202101
2020-07-20,202009,202101,202009,202101
2020-07-21,202009,202101,202009,202101
2020-07-22,202009,202101,202009,202101
2020-07-23,202009,202101,202009,202101
2020-07-24,202009,202101,202009,202101
2020-07-27,202009,202101,202009,202101
2020-07-28,202009,202101,202009,202101
2020-07-29,202009,202101,202009,202101
2020-07-30,202009,202101,202009,202101
2020-07-31,202009,202101,202009,202101
2020-08-03,202009,202101,202009,202101
2020-08-04,202009,202101,202009,202101
2020-08-05,202009,202101,202009,202101
2020-08-06,202009,202101,202009,202101
2020-08-07,202009,202101,202009,202101
2020-08-10,202009,202101,202009,202101
2020-08-11,202009,202101,202009,202101
2020-08-12,202009,202101,202009,202101
2020-08-13,202009,202101,202009,202101
2020-08-14,202009,202101,202009,202101
2020-08-17,202101,202009,202009,202101
2020-08-18,202101,202009,202009,202101
2020-08-19,202101,202009,202009,202101
2020-08-20,202101,202009,202009,202101
2020-08-21,202101,202009,202009,202101
2020-08-24,202101,202009,202009,202101
2020-08-25,202101,202009,202009,202101
2020-08-26,202101,202009,202009,202101
2020-08-27,202101,202011,202011,202101
2020-08-28,202101,202011,202011,202101
2020-08-31,202101,202011,202011,202101
2020-09-01,202101,202011,202011,202101
2020-09-02,202101,202011,202011,202101
2020-09-03,202101,202011,202011,202101
2020-09-04,202101,202011,202011,202101
2020-09-07,202101,202011,202011,202101
2020-09-08,202101,202011,202011,202101
2020-09-09,202101,202011,202011,202101
2020-09-10,202101,202011,202011,202101
2020-09-11,202101,202011,202011,202101
2020-09-14,202101,202011,202011,202101
2020-09-15,202101,202011,202011,202101
2020-09-16,202101,202011,202011,202101
2020-09-17,202101,202011,202011,202101
2020-09-18,202101,202011,202011,202101
2020-09-21,202101,202011,202011,202101
2020-09-22,202101,202011,202011,202101
2020-09-23,202101,202011,202011,202101
2020-09-24,202101,202011,202011,202101
2020-09-25,202101,202011,202011,202101
2020-09-28,202101,202011,202011,202101
2020-09-29,202101,202011,202011,202101
2020-09-30,202101,202011,202011,202101
2020-10-09,202101,202105,202101,202105
2020-10-12,202101,202105,202101,202105
2020-10-13,202101,202011,202101,202105
2020-10-14,202101,202105,202101,202105
2020-10-15,202101,202102,202101,202105
2020-10-16,202101,202102,202101,202105
2020-10-19,202101,202102,202101,202105
2020-10-20,202101,202102,202101,202105
2020-10-21,202101,202105,202101,202105
2020-10-22,202101,202105,202101,202105
2020-10-23,202101,202105,202101,202105
2020-10-26,202101,202105,202101,202105
2020-10-27,202101,202105,202101,202105
2020-10-28,202101,202105,202101,202105
2020-10-29,202101,202105,202101,202105
2020-10-30,202101,202105,202101,202105
2020-11-02,202101,202105,202101,202105
2020-11-03,202101,202105,202101,202105
2020-11-04,202101,202105,202101,202105
2020-11-05,202101,202105,202101,202105
2020-11-06,202101,202105,202101,202105
2020-11-09,202101,202105,202101,202105
2020-11-10,202101,202105,202101,202105
2020-11-11,202101,202105,202101,202105
2020-11-12,202101,202105,202101,202105
2020-11-13,202101,202105,202101,202105
2020-11-16,202101,202105,202101,202105
2020-11-17,202101,202105,202101,202105
2020-11-18,202101,202105,202101,202105
2020-11-19,202101,202105,202101,202105
2020-11-20,202101,202105,202101,202105
2020-11-23,202101,202105,202101,202105
2020-11-24,202101,202105,202101,202105
2020-11-25,202101,202105,202101,202105
2020-11-26,202101,202105,202101,202105
2020-11-27,202101,202105,202101,202105
2020-11-30,202101,202105,202101,202105
2020-12-01,202101,202105,202101,202105
2020-12-02,202101,202105,202101,202105
2020-12-03,202101,202105,202101,202105
2020-12-04,202101,202105,202101,202105
2020-12-07,202101,202105,202101,202105
2020-12-08,202101,202105,202101,202105
2020-12-09,202101,202105,202101,202105
2020-12-10,202101,202105,202101,202105
2020-12-11,202105,202101,202101,202105
2020-12-14,202105,202101,202101,202105
2020-12-15,202105,202101,202101,202105
2020-12-16,202105,202101,202101,202105
2020-12-17,202105,202101,202101,202105
2020-12-18,202105,202101,202101,202105
2020-12-21,202105,202101,202101,202105
2020-12-22,202105,202101,202101,202105
2020-12-23,202105,202103,202103,202105
2020-12-24,202105,202103,202103,202105
2020-12-25,202105,202103,202103,202105
2020-12-28,202105,202103,202103,202105
2020-12-29,202105,202103,202103,202105
2020-12-30,202105,202103,202103,202105
2020-12-31,202105,202103,202103,202105
2021-01-04,202105,202103,202103,202105
2021-01-05,202105,202103,202103,202105
2021-01-06,202105,202103,202103,202105
2021-01-07,202105,202103,202103,202105
2021-01-08,202105,202103,202103,202105
2021-01-11,202105,202103,202103,202105
2021-01-12,202105,202103,202103,202105
2021-01-13,202105,202103,202103,202105
2021-01-14,202105,202103,202103,202105
2021-01-15,202105,202103,202103,202105
2021-01-18,202105,202103,202103,202105
2021-01-19,202105,202103,202103,202105
2021-01-20,202105,202103,202103,202105
2021-01-21,202105,202103,202103,202105
2021-01-22,202105,202103,202103,202105
2021-01-25,202105,202103,202103,202105
2021-01-26,202105,202103,202103,202105
2021-01-27,202105,202103,202103,202105
2021-01-28,202105,202103,202103,202105
2021-01-29,202105,202103,202103,202105
2021-02-01,202105,202103,202103,202105
2021-02-02,202105,202103,202103,202105
2021-02-03,202105,202103,202103,202105
2021-02-04,202105,202109,202105,202109
2021-02-05,202105,202109,202105,202109
2021-02-08,202105,202109,202105,202109
2021-02-09,202105,202109,202105,202109
2021-02-10,202105,202109,202105,202109
2021-02-18,202105,202109,202105,202109
2021-02-19,202105,202109,202105,202109
2021-02-22,202105,202109,202105,202109
2021-02-23,202105,202109,202105,202109
2021-02-24,202105,202109,202105,202109
2021-02-25,202105,202109,202105,202109
2021-02-26,202105,202109,202105,202109
2021-03-01,202105,202109,202105,202109
2021-03-02,202105,202109,202105,202109
2021-03-03,202105,202109,202105,202109
2021-03-04,202105,202109,202105,202109
2021-03-05,202105,202109,202105,202109
2021-03-08,202105,202109,202105,202109
2021-03-09,202105,202109,202105,202109
2021-03-10,202105,202109,202105,202109
2021-03-11,202105,202109,202105,202109
2021-03-12,202105,202109,202105,202109
2021-03-15,202105,202109,202105,202109
2021-03-16,202105,202109,202105,202109
2021-03-17,202105,202109,202105,202109
2021-03-18,202105,202109,202105,202109
2021-03-19,202105,202109,202105,202109
2021-03-22,202105,202109,202105,202109
2021-03-23,202105,202109,202105,202109
2021-03-24,202105,202109,202105,202109
2021-03-25,202105,202109,202105,202109
2021-03-26,202105,202109,202105,202109
2021-03-29,202105,202109,202105,202109
2021-03-30,202105,202109,202105,202109
2021-03-31,202105,202109,202105,202109
2021-04-01,202105,202109,202105,202109
2021-04-02,202105,202109,202105,202109
2021-04-06,202105,202109,202105,202109
2021-04-07,202105,202109,202105,202109
2021-04-08,202105,202109,202105,202109
2021-04-09,202105,202109,202105,202109
2021-04-12,202105,202109,202105,202109
2021-04-13,202105,202109,202105,202109
2021-04-14,202105,202109,202105,202109
2021-04-15,202109,202105,202105,202109
2021-04-16,202109,202105,202105,202109
2021-04-19,202109,202105,202105,202109
2021-04-20,202109,202105,202105,202109
2021-04-21,202109,202105,202105,202109
2021-04-22,202109,202105,202105,202109
2021-04-23,202109,202105,202105,202109
2021-04-26,202109,202105,202105,202109
2021-04-27,202109,202106,202106,202109
2021-04-28,202109,202106,202106,202109
2021-04-29,202109,202106,202106,202109
2021-04-30,202109,202107,202107,202109
2021-05-06,202109,202107,202107,202109
2021-05-07,202109,202107,202107,202109
2021-05-10,202109,202107,202107,202109
2021-05-11,202109,202107,202107,202109
2021-05-12,202109,202107,202107,202109
2021-05-13,202109,202107,202107,202109
2021-05-14,202109,202107,202107,202109
2021-05-17,202109,202107,202107,202109
2021-05-18,202109,202107,202107,202109
2021-05-19,202109,202107,202107,202109
2021-05-20,202109,202107,202107,202109
2021-05-21,202109,202107,202107,202109
2021-05-24,202109,202107,202107,202109
2021-05-25,202109,202107,202107,202109
2021-05-26,202109,202107,202107,202109
2021-05-27,202109,202107,202107,202109
2021-05-28,202109,202107,202107,202109
2021-05-31,202109,202107,202107,202109
2021-06-01,202109,202110,202109,202110
2021-06-02,202109,202110,202109,202110
2021-06-03,202109,202110,202109,202110
2021-06-04,202109,202110,202109,202110
2021-06-07,202109,202110,202109,202110
2021-06-08,202109,202110,202109,202110
2021-06-09,202109,202110,202109,202110
2021-06-10,202109,202110,202109,202110
2021-06-11,202109,202110,202109,202110
2021-06-15,202109,202110,202109,202110
2021-06-16,202109,202110,202109,202110
2021-06-17,202109,202110,202109,202110
2021-06-18,202109,202110,202109,202110
2021-06-21,202109,202110,202109,202110
2021-06-22,202109,202110,202109,202110
2021-06-23,202109,202110,202109,202110
2021-06-24,202109,202110,202109,202110
2021-06-25,202109,202110,202109,202110
2021-06-28,202109,202110,202109,202110
2021-06-29,202109,202110,202109,202110
2021-06-30,202109,202110,202109,202110
2021-07-01,202109,202110,202109,202110
2021-07-02,202109,202110,202109,202110
2021-07-05,202109,202110,202109,202110
2021-07-06,202109,202110,202109,202110
2021-07-07,202109,202110,202109,202110
2021-07-08,202109,202110,202109,202110
2021-07-09,202109,202110,202109,202110
2021-07-12,202109,202110,202109,202110
2021-07-13,202109,202110,202109,202110
2021-07-14,202109,202110,202109,202110
2021-07-15,202109,202110,202109,202110
2021-07-16,202109,202201,202109,202201
2021-07-19,202109,202201,202109,202201
2021-07-20,202109,202201,202109,202201
2021-07-21,202109,202201,202109,202201
2021-07-22,202109,202201,202109,202201
2021-07-23,202109,202201,202109,202201
2021-07-26,202109,202201,202109,202201
2021-07-27,202109,202201,202109,202201
2021-07-28,202109,202201,202109,202201
2021-07-29,202109,202201,202109,202201
2021-07-30,202109,202201,202109,202201
2021-08-02,202109,202201,202109,202201
2021-08-03,202109,202201,202109,202201
2021-08-04,202109,202201,202109,202201
2021-08-05,202109,202201,202109,202201
2021-08-06,202109,202201,202109,202201
2021-08-09,202109,202201,202109,202201
2021-08-10,202109,202201,202109,202201
2021-08-11,202109,202201,202109,202201
2021-08-12,202109,202201,202109,202201
2021-08-13,202201,202109,202109,202201
2021-08-16,202201,202109,202109,202201
2021-08-17,202201,202109,202109,202201
2021-08-18,202201,202109,202109,202201
2021-08-19,202201,202109,202109,202201
2021-08-20,202201,202109,202109,202201
2021-08-23,202201,202109,202109,202201
2021-08-24,202201,202109,202109,202201
2021-08-25,202201,202111,202111,202201
2021-08-26,202201,202111,202111,202201
2021-08-27,202201,202111,202111,202201
2021-08-30,202201,202111,202111,202201
2021-08-31,202201,202111,202111,202201
2021-09-01,202201,202111,202111,202201
2021-09-02,202201,202111,202111,202201
2021-09-03,202201,202111,202111,202201
2021-09-06,202201,202111,202111,202201
2021-09-07,202201,202111,202111,202201
2021-09-08,202201,202111,202111,202201
2021-09-09,202201,202111,202111,202201
2021-09-10,202201,202111,202111,202201
2021-09-13,202201,202111,202111,202201
2021-09-14,202201,202111,202111,202201
2021-09-15,202201,202111,202111,202201
2021-09-16,202201,202111,202111,202201
2021-09-17,202201,202111,202111,202201
2021-09-22,202201,202111,202111,202201
2021-09-23,202201,202111,202111,202201
2021-09-24,202201,202111,202111,202201
2021-09-27,202201,202111,202111,202201
2021-09-28,202201,202111,202111,202201
2021-09-29,202201,202111,202111,202201
2021-09-30,202201,202112,202112,202201
2021-10-08,202201,202112,202112,202201
2021-10-11,202201,202112,202112,202201
2021-10-12,202201,202112,202112,202201
2021-10-13,202201,202112,202112,202201
2021-10-14,202201,202112,202112,202201
2021-10-15,202201,202112,202112,202201
2021-10-18,202201,202112,202112,202201
2021-10-19,202201,202112,202112,202201
2021-10-20,202201,202112,202112,202201
2021-10-21,202201,202112,202112,202201
2021-10-22,202201,202112,202112,202201
2021-10-25,202201,202112,202112,202201
2021-10-26,202201,202112,202112,202201
2021-10-27,202201,202205,202201,202205
2021-10-28,202201,202205,202201,202205
2021-10-29,202201,202205,202201,202205
2021-11-01,202201,202205,202201,202205
2021-11-02,202201,202205,202201,202205
2021-11-03,202201,202205,202201,202205
2021-11-04,202201,202205,202201,202205
2021-11-05,202201,202205,202201,202205
2021-11-08,202201,202205,202201,202205
2021-11-09,202201,202205,202201,202205
2021-11-10,202201,202205,202201,202205
2021-11-11,202201,202205,202201,202205
2021-11-12,202201,202205,202201,202205
2021-11-15,202201,202205,202201,202205
2021-11-16,202201,202205,202201,202205
2021-11-17,202201,202205,202201,202205
2021-11-18,202201,202205,202201,202205
2021-11-19,202201,202205,202201,202205
2021-11-22,202201,202205,202201,202205
2021-11-23,202201,202205,202201,202205
2021-11-24,202201,202205,202201,202205
2021-11-25,202201,202205,202201,202205
2021-11-26,202201,202205,202201,202205
2021-11-29,202201,202205,202201,202205
2021-11-30,202201,202205,202201,202205
2021-12-01,202201,202205,202201,202205
2021-12-02,202201,202205,202201,202205
2021-12-03,202201,202205,202201,202205
2021-12-06,202201,202205,202201,202205
2021-12-07,202201,202205,202201,202205
2021-12-08,202201,202205,202201,202205
2021-12-09,202201,202205,202201,202205
2021-12-10,202201,202205,202201,202205
2021-12-13,202201,202205,202201,202205
2021-12-14,202205,202201,202201,202205
2021-12-15,202205,202201,202201,202205
2021-12-16,202205,202201,202201,202205
2021-12-17,202205,202201,202201,202205
2021-12-20,202205,202201,202201,202205
2021-12-21,202205,202201,202201,202205
2021-12-22,202205,202203,202203,202205
2021-12-23,202205,202203,202203,202205
2021-12-24,202205,202203,202203,202205
2021-12-27,202205,202203,202203,202205
2021-12-28,202205,202203,202203,202205
2021-12-29,202205,202203,202203,202205
2021-12-30,202205,202203,202203,202205
2021-12-31,202205,202202,202202,202205
2022-01-04,202205,202203,202203,202205
2022-01-05,202205,202203,202203,202205
2022-01-06,202205,202203,202203,202205
2022-01-07,202205,202203,202203,202205
2022-01-10,202205,202203,202203,202205
2022-01-11,202205,202203,202203,202205
2022-01-12,202205,202203,202203,202205
2022-01-13,202205,202204,202204,202205
2022-01-14,202205,202203,202203,202205
2022-01-17,202205,202203,202203,202205
2022-01-18,202205,202203,202203,202205
2022-01-19,202205,202203,202203,202205
2022-01-20,202205,202203,202203,202205
2022-01-21,202205,202203,202203,202205
2022-01-24,202205,202203,202203,202205
2022-01-25,202205,202203,202203,202205
2022-01-26,202205,202203,202203,202205
2022-01-27,202205,202203,202203,202205
2022-01-28,202205,202203,202203,202205
2022-02-07,202205,202204,202204,202205
2022-02-08,202205,202204,202204,202205
2022-02-09,202205,202206,202205,202206
2022-02-10,202205,202206,202205,202206
2022-02-11,202205,202206,202205,202206
2022-02-14,202205,202206,202205,202206
2022-02-15,202205,202206,202205,202206
2022-02-16,202205,202206,202205,202206
2022-02-17,202205,202206,202205,202206
2022-02-18,202205,202206,202205,202206
2022-02-21,202205,202206,202205,202206
2022-02-22,202205,202209,202205,202209
2022-02-23,202205,202206,202205,202209
2022-02-24,202205,202206,202205,202209
2022-02-25,202205,202209,202205,202209
2022-02-28,202205,202209,202205,202209
2022-03-01,202205,202209,202205,202209
2022-03-02,202205,202209,202205,202209
2022-03-03,202205,202209,202205,202209
2022-03-04,202205,202209,202205,202209
2022-03-07,202205,202209,202205,202209
2022-03-08,202205,202209,202205,202209
2022-03-09,202205,202209,202205,202209
2022-03-10,202205,202209,202205,202209
2022-03-11,202205,202209,202205,202209
2022-03-14,202205,202209,202205,202209
2022-03-15,202205,202209,202205,202209
2022-03-16,202205,202209,202205,202209
2022-03-17,202205,202209,202205,202209
2022-03-18,202205,202209,202205,202209
2022-03-21,202205,202209,202205,202209
2022-03-22,202205,202209,202205,202209
2022-03-23,202205,202209,202205,202209
2022-03-24,202205,202209,202205,202209
2022-03-25,202205,202209,202205,202209
2022-03-28,202205,202209,202205,202209
2022-03-29,202205,202209,202205,202209
2022-03-30,202205,202209,202205,202209
2022-03-31,202205,202209,202205,202209
2022-04-01,202205,202209,202205,202209
2022-04-06,202205,202209,202205,202209
2022-04-07,202205,202209,202205,202209
2022-04-08,202205,202209,202205,202209
2022-04-11,202205,202209,202205,202209
2022-04-12,202205,202209,202205,202209
2022-04-13,202205,202209,202205,202209
2022-04-14,202209,202205,202205,202209
2022-04-15,202209,202205,202205,202209
2022-04-18,202209,202205,202205,202209
2022-04-19,202209,202205,202205,202209
2022-04-20,202209,202206,202206,202209
2022-04-21,202209,202206,202206,202209
2022-04-22,202209,202206,202206,202209
2022-04-25,202209,202206,202206,202209
2022-04-26,202209,202206,202206,202209
2022-04-27,202209,202206,202206,202209
2022-04-28,202209,202206,202206,202209
2022-04-29,202209,202206,202206,202209
2022-05-05,202209,202206,202206,202209
2022-05-06,202209,202208,202208,202209
2022-05-09,202209,202208,202208,202209
2022-05-10,202209,202208,202208,202209
2022-05-11,202209,202208,202208,202209
2022-05-12,202209,202208,202208,202209
2022-05-13,202209,202208,202208,202209
2022-05-16,202209,202208,202208,202209
2022-05-17,202209,202208,202208,202209
2022-05-18,202209,202208,202208,202209
2022-05-19,202209,202208,202208,202209
2022-05-20,202209,202208,202208,202209
2022-05-23,202209,202208,202208,202209
2022-05-24,202209,202208,202208,202209
2022-05-25,202209,202208,202208,202209
2022-05-26,202209,202208,202208,202209
2022-05-27,202209,202208,202208,202209
2022-05-30,202209,202208,202208,202209
2022-05-31,202209,202208,202208,202209
2022-06-01,202209,202208,202208,202209
2022-06-02,202209,202208,202208,202209
2022-06-06,202209,202208,202208,202209
2022-06-07,202209,202208,202208,202209
2022-06-08,202209,202208,202208,202209
2022-06-09,202209,202208,202208,202209
2022-06-10,202209,202208,202208,202209
2022-06-13,202209,202208,202208,202209
2022-06-14,202209,202208,202208,202209
2022-06-15,202209,202208,202208,202209
2022-06-16,202209,202208,202208,202209
2022-06-17,202209,202208,202208,202209
2022-06-20,202209,202208,202208,202209
2022-06-21,202209,202208,202208,202209
2022-06-22,202209,202208,202208,202209
2022-06-23,202209,202208,202208,202209
2022-06-24,202209,202208,202208,202209
2022-06-27,202209,202208,202208,202209
2022-06-28,202209,202208,202208,202209
2022-06-29,202209,202210,202209,202210
2022-06-30,202209,202210,202209,202210
2022-07-01,202209,202210,202209,202210
2022-07-04,202209,202210,202209,202210
2022-07-05,202209,202210,202209,202210
2022-07-06,202209,202210,202209,202210
2022-07-07,202209,202210,202209,202210
2022-07-08,202209,202210,202209,202210
2022-07-11,202209,202210,202209,202210
2022-07-12,202209,202210,202209,202210
2022-07-13,202209,202210,202209,202210
2022-07-14,202209,202210,202209,202210
2022-07-15,202209,202210,202209,202210
2022-07-18,202209,202210,202209,202210
2022-07-19,202209,202210,202209,202210
2022-07-20,202209,202210,202209,202210
2022-07-21,202209,202210,202209,202210
2022-07-22,202209,202210,202209,202210
2022-07-25,202209,202210,202209,202210
2022-07-26,202209,202210,202209,202210
2022-07-27,202209,202301,202209,202301
2022-07-28,202209,202301,202209,202301
2022-07-29,202209,202301,202209,202301
2022-08-01,202209,202301,202209,202301
2022-08-02,202209,202301,202209,202301
2022-08-03,202209,202301,202209,202301
2022-08-04,202209,202301,202209,202301
2022-08-05,202209,202301,202209,202301
2022-08-08,202209,202301,202209,202301
2022-08-09,202209,202301,202209,202301
2022-08-10,202209,202301,202209,202301
2022-08-11,202209,202301,202209,202301
2022-08-12,202209,202301,202209,202301
2022-08-15,202209,202301,202209,202301
2022-08-16,202301,202209,202209,202301
2022-08-17,202301,202209,202209,202301
2022-08-18,202301,202209,202209,202301
2022-08-19,202301,202209,202209,202301
2022-08-22,202301,202211,202211,202301
2022-08-23,202301,202211,202211,202301
2022-08-24,202301,202211,202211,202301
2022-08-25,202301,202211,202211,202301
2022-08-26,202301,202211,202211,202301
2022-08-29,202301,202211,202211,202301
2022-08-30,202301,202211,202211,202301
2022-08-31,202301,202211,202211,202301
2022-09-01,202301,202211,202211,202301
2022-09-02,202301,202211,202211,202301
2022-09-05,202301,202211,202211,202301
2022-09-06,202301,202211,202211,202301
2022-09-07,202301,202211,202211,202301
2022-09-08,202301,202211,202211,202301
2022-09-09,202301,202211,202211,202301
2022-09-13,202301,202211,202211,202301
2022-09-14,202301,202211,202211,202301
2022-09-15,202301,202211,202211,202301
2022-09-16,202301,202211,202211,202301
2022-09-19,202301,202211,202211,202301
2022-09-20,202301,202211,202211,202301
2022-09-21,202301,202211,202211,202301
2022-09-22,202301,202211,202211,202301
2022-09-23,202301,202211,202211,202301
2022-09-26,202301,202211,202211,202301
2022-09-27,202301,202211,202211,202301
2022-09-28,202301,202211,202211,202301
2022-09-29,202301,202211,202211,202301
2022-09-30,202301,202211,202211,202301
2022-10-10,202301,202211,202211,202301
2022-10-11,202301,202211,202211,202301
2022-10-12,202301,202211,202211,202301
2022-10-13,202301,202212,202212,202301
2022-10-14,202301,202212,202212,202301
2022-10-17,202301,202212,202212,202301
2022-10-18,202301,202212,202212,202301
2022-10-19,202301,202302,202301,202302
2022-10-20,202301,202302,202301,202302
2022-10-21,202301,202212,202301,202302
2022-10-24,202301,202212,202301,202302
2022-10-25,202301,202212,202301,202302
2022-10-26,202301,202212,202301,202302
2022-10-27,202301,202212,202301,202302
2022-10-28,202301,202212,202301,202302
2022-10-31,202301,202212,202301,202302
2022-11-01,202301,202212,202301,202302
2022-11-02,202301,202302,202301,202302
2022-11-03,202301,202302,202301,202302
2022-11-04,202301,202302,202301,202302
2022-11-07,202301,202302,202301,202302
2022-11-08,202301,202302,202301,202302
2022-11-09,202301,202302,202301,202302
2022-11-10,202301,202305,202301,202305
2022-11-11,202301,202305,202301,202305
2022-11-14,202301,202305,202301,202305
2022-11-15,202301,202305,202301,202305
2022-11-16,202301,202305,202301,202305
2022-11-17,202301,202305,202301,202305
2022-11-18,202301,202305,202301,202305
2022-11-21,202301,202305,202301,202305
2022-11-22,202301,202305,202301,202305
2022-11-23,202301,202305,202301,202305
2022-11-24,202301,202305,202301,202305
2022-11-25,202301,202305,202301,202305
2022-11-28,202301,202305,202301,202305
2022-11-29,202301,202305,202301,202305
2022-11-30,202301,202305,202301,202305
2022-12-01,202301,202305,202301,202305
2022-12-02,202301,202305,202301,202305
2022-12-05,202301,202305,202301,202305
2022-12-06,202301,202305,202301,202305
2022-12-07,202301,202305,202301,202305
2022-12-08,202301,202305,202301,202305
2022-12-09,202301,202305,202301,202305
2022-12-12,202301,202305,202301,202305
2022-12-13,202301,202305,202301,202305
2022-12-14,202301,202305,202301,202305
2022-12-15,202301,202305,202301,202305
2022-12-16,202305,202301,202301,202305
2022-12-19,202305,202301,202301,202305
2022-12-20,202305,202301,202301,202305
2022-12-21,202305,202302,202302,202305
2022-12-22,202305,202302,202302,202305
2022-12-23,202305,202302,202302,202305
2022-12-26,202305,202302,202302,202305
2022-12-27,202305,202302,202302,202305
2022-12-28,202305,202302,202302,202305
2022-12-29,202305,202302,202302,202305
2022-12-30,202305,202302,202302,202305
2023-01-03,202305,202303,202303,202305
2023-01-04,202305,202303,202303,202305
2023-01-05,202305,202303,202303,202305
2023-01-06,202305,202303,202303,202305
2023-01-09,202305,202303,202303,202305
2023-01-10,202305,202303,202303,202305
2023-01-11,202305,202303,202303,202305
2023-01-12,202305,202303,202303,202305
2023-01-13,202305,202303,202303,202305
2023-01-16,202305,202303,202303,202305
2023-01-17,202305,202303,202303,202305
2023-01-18,202305,202303,202303,202305
2023-01-19,202305,202303,202303,202305
2023-01-20,202305,202303,202303,202305
2023-01-30,202305,202303,202303,202305
2023-01-31,202305,202303,202303,202305
2023-02-01,202305,202303,202303,202305
2023-02-02,202305,202303,202303,202305
2023-02-03,202305,202303,202303,202305
2023-02-06,202305,202304,202304,202305
2023-02-07,202305,202304,202304,202305
2023-02-08,202305,202304,202304,202305
2023-02-09,202305,202304,202304,202305
2023-02-10,202305,202304,202304,202305
2023-02-13,202305,202304,202304,202305
2023-02-14,202305,202304,202304,202305
2023-02-15,202305,202304,202304,202305
2023-02-16,202305,202304,202304,202305
2023-02-17,202305,202304,202304,202305
2023-02-20,202305,202304,202304,202305
2023-02-21,202305,202304,202304,202305
2023-02-22,202305,202304,202304,202305
2023-02-23,202305,202304,202304,202305
2023-02-24,202305,202304,202304,202305
2023-02-27,202305,202304,202304,202305
2023-02-28,202305,202304,202304,202305
2023-03-01,202305,202304,202304,202305
2023-03-02,202305,202306,202305,202306
2023-03-03,202305,202309,202305,202309
2023-03-06,202305,202306,202305,202309
2023-03-07,202305,202309,202305,202309
2023-03-08,202305,202309,202305,202309
2023-03-09,202305,202309,202305,202309
2023-03-10,202305,202309,202305,202309
2023-03-13,202305,202309,202305,202309
2023-03-14,202305,202309,202305,202309
2023-03-15,202305,202309,202305,202309
2023-03-16,202305,202309,202305,202309
2023-03-17,202305,202309,202305,202309
2023-03-20,202305,202309,202305,202309
2023-03-21,202305,202309,202305,202309
2023-03-22,202305,202309,202305,202309
2023-03-23,202305,202309,202305,202309
2023-03-24,202305,202309,202305,202309
2023-03-27,202305,202309,202305,202309
2023-03-28,202305,202309,202305,202309
2023-03-29,202305,202309,202305,202309
2023-03-30,202305,202309,202305,202309
2023-03-31,202305,202309,202305,202309
2023-04-03,202305,202309,202305,202309
2023-04-04,202305,202309,202305,202309
2023-04-06,202305,202309,202305,202309
2023-04-07,202305,202309,202305,202309
2023-04-10,202305,202309,202305,202309
2023-04-11,202305,202309,202305,202309
2023-04-12,202305,202309,202305,202309
2023-04-13,202305,202309,202305,202309
2023-04-14,202309,202305,202305,202309
2023-04-17,202309,202305,202305,202309
2023-04-18,202309,202305,202305,202309
2023-04-19,202309,202306,202306,202309
2023-04-20,202309,202306,202306,202309
2023-04-21,202309,202306,202306,202309
2023-04-24,202309,202306,202306,202309
2023-04-25,202309,202306,202306,202309
2023-04-26,202309,202306,202306,202309
2023-04-27,202309,202306,202306,202309
2023-04-28,202309,202306,202306,202309
2023-05-04,202309,202306,202306,202309
2023-05-05,202309,202306,202306,202309
2023-05-08,202309,202306,202306,202309
2023-05-09,202309,202307,202307,202309
2023-05-10,202309,202307,202307,202309
2023-05-11,202309,202307,202307,202309
2023-05-12,202309,202307,202307,202309
2023-05-15,202309,202307,202307,202309
2023-05-16,202309,202307,202307,202309
2023-05-17,202309,202307,202307,202309
2023-05-18,202309,202307,202307,202309
2023-05-19,202309,202307,202307,202309
2023-05-22,202309,202307,202307,202309
2023-05-23,202309,202307,202307,202309
2023-05-24,202309,202307,202307,202309
2023-05-25,202309,202307,202307,202309
2023-05-26,202309,202307,202307,202309
2023-05-29,202309,202307,202307,202309
2023-05-30,202309,202307,202307,202309
2023-05-31,202309,202307,202307,202309
2023-06-01,202309,202307,202307,202309
2023-06-02,202309,202307,202307,202309
2023-06-05,202309,202307,202307,202309
2023-06-06,202309,202401,202309,202401
2023-06-07,202309,202308,202309,202401
2023-06-08,202309,202308,202309,202401
2023-06-09,202309,202308,202309,202401
2023-06-12,202309,202308,202309,202401
2023-06-13,202309,202308,202309,202401
2023-06-14,202309,202308,202309,202401
2023-06-15,202309,202308,202309,202401
2023-06-16,202309,202308,202309,202401
2023-06-19,202309,202308,202309,202401
2023-06-20,202309,202308,202309,202401
2023-06-21,202309,202308,202309,202401
2023-06-26,202309,202308,202309,202401
2023-06-27,202309,202308,202309,202401
2023-06-28,202309,202308,202309,202401
2023-06-29,202309,202308,202309,202401
2023-06-30,202309,202308,202309,202401
2023-07-03,202309,202308,202309,202401
2023-07-04,202309,202308,202309,202401
2023-07-05,202309,202310,202309,202401
2023-07-06,202309,202310,202309,202401
2023-07-07,202309,202310,202309,202401
2023-07-10,202309,202310,202309,202401
2023-07-11,202309,202310,202309,202401
2023-07-12,202309,202310,202309,202401
2023-07-13,202309,202310,202309,202401
2023-07-14,202309,202310,202309,202401
2023-07-17,202309,202310,202309,202401
2023-07-18,202309,202401,202309,202401
2023-07-19,202309,202401,202309,202401
2023-07-20,202309,202401,202309,202401
2023-07-21,202309,202310,202309,202401
2023-07-24,202309,202310,202309,202401
2023-07-25,202309,202310,202309,202401
2023-07-26,202309,202310,202309,202401
2023-07-27,202309,202310,202309,202401
2023-07-28,202309,202310,202309,202401
2023-07-31,202309,202310,202309,202401
2023-08-01,202309,202401,202309,202401
2023-08-02,202309,202401,202309,202401
2023-08-03,202309,202401,202309,202401
2023-08-04,202309,202401,202309,202401
2023-08-07,202309,202401,202309,202401
2023-08-08,202309,202401,202309,202401
2023-08-09,202309,202401,202309,202401
2023-08-10,202309,202401,202309,202401
2023-08-11,202401,202309,202309,202401
2023-08-14,202401,202309,202309,202401
2023-08-15,202401,202309,202309,202401
2023-08-16,202401,202309,202309,202401
2023-08-17,202401,202310,202310,202401
2023-08-18,202401,202310,202310,202401
2023-08-21,202401,202310,202310,202401
2023-08-22,202401,202310,202310,202401
2023-08-23,202401,202310,202310,202401
2023-08-24,202401,202310,202310,202401
2023-08-25,202401,202310,202310,202401
2023-08-28,202401,202310,202310,202401
2023-08-29,202401,202310,202310,202401
2023-08-30,202401,202310,202310,202401
2023-08-31,202401,202310,202310,202401
2023-09-01,202401,202311,202311,202401
2023-09-04,202401,202311,202311,202401
2023-09-05,202401,202311,202311,202401
2023-09-06,202401,202311,202311,202401
2023-09-07,202401,202311,202311,202401
2023-09-08,202401,202311,202311,202401
2023-09-11,202401,202311,202311,202401
2023-09-12,202401,202311,202311,202401
2023-09-13,202401,202311,202311,202401
2023-09-14,202401,202311,202311,202401
2023-09-15,202401,202311,202311,202401
2023-09-18,202401,202311,202311,202401
2023-09-19,202401,202311,202311,202401
2023-09-20,202401,202311,202311,202401
2023-09-21,202401,202311,202311,202401
2023-09-22,202401,202311,202311,202401
2023-09-25,202401,202311,202311,202401
2023-09-26,202401,202311,202311,202401
2023-09-27,202401,202311,202311,202401
2023-09-28,202401,202311,202311,202401
2023-10-09,202401,202311,202311,202401
2023-10-10,202401,202311,202311,202401
2023-10-11,202401,202311,202311,202401
2023-10-12,202401,202405,202401,202405
2023-10-13,202401,202405,202401,202405
2023-10-16,202401,202405,202401,202405
2023-10-17,202401,202312,202401,202405
2023-10-18,202401,202312,202401,202405
2023-10-19,202401,202312,202401,202405
2023-10-20,202401,202312,202401,202405
2023-10-23,202401,202312,202401,202405
2023-10-24,202401,202312,202401,202405
2023-10-25,202401,202312,202401,202405
2023-10-26,202401,202312,202401,202405
2023-10-27,202401,202312,202401,202405
2023-10-30,202401,202312,202401,202405
2023-10-31,202401,202312,202401,202405
2023-11-01,202401,202405,202401,202405
2023-11-02,202401,202405,202401,202405
2023-11-03,202401,202405,202401,202405
2023-11-06,202401,202405,202401,202405
2023-11-07,202401,202405,202401,202405
2023-11-08,202401,202405,202401,202405
2023-11-09,202401,202402,202401,202405
2023-11-10,202401,202402,202401,202405
2023-11-13,202401,202402,202401,202405
2023-11-14,202401,202402,202401,202405
2023-11-15,202401,202402,202401,202405
2023-11-16,202401,202402,202401,202405
2023-11-17,202401,202402,202401,202405
2023-11-20,202401,202402,202401,202405
2023-11-21,202401,202402,202401,202405
2023-11-22,202401,202402,202401,202405
2023-11-23,202401,202405,202401,202405
2023-11-24,202401,202405,202401,202405
2023-11-27,202401,202405,202401,202405
2023-11-28,202401,202405,202401,202405
2023-11-29,202401,202405,202401,202405
2023-11-30,202401,202405,202401,202405
2023-12-01,202401,202405,202401,202405
2023-12-04,202401,202405,202401,202405
2023-12-05,202401,202405,202401,202405
2023-12-06,202401,202405,202401,202405
2023-12-07,202401,202405,202401,202405
2023-12-08,202401,202405,202401,202405
2023-12-11,202405,202401,202401,202405
2023-12-12,202405,202401,202401,202405
2023-12-13,202405,202401,202401,202405
2023-12-14,202405,202401,202401,202405
2023-12-15,202405,202401,202401,202405
2023-12-18,202405,202402,202402,202405
2023-12-19,202405,202402,202402,202405
2023-12-20,202405,202402,202402,202405
2023-12-21,202405,202402,202402,202405
2023-12-22,202405,202402,202402,202405
2023-12-25,202405,202402,202402,202405
2023-12-26,202405,202402,202402,202405
2023-12-27,202405,202402,202402,202405
2023-12-28,202405,202402,202402,202405
2023-12-29,202405,202402,202402,202405
2024-01-02,202405,202409,202405,202409
2024-01-03,202405,202409,202405,202409
2024-01-04,202405,202409,202405,202409
2024-01-05,202405,202409,202405,202409
2024-01-08,202405,202409,202405,202409
2024-01-09,202405,202409,202405,202409
2024-01-10,202405,202409,202405,202409
2024-01-11,202405,202409,202405,202409
2024-01-12,202405,202409,202405,202409
2024-01-15,202405,202409,202405,202409
2024-01-16,202405,202409,202405,202409
2024-01-17,202405,202409,202405,202409
2024-01-18,202405,202409,202405,202409
2024-01-19,202405,202409,202405,202409
2024-01-22,202405,202409,202405,202409
2024-01-23,202405,202409,202405,202409
2024-01-24,202405,202409,202405,202409
2024-01-25,202405,202409,202405,202409
2024-01-26,202405,202409,202405,202409
2024-01-29,202405,202409,202405,202409
2024-01-30,202405,202409,202405,202409
2024-01-31,202405,202409,202405,202409
2024-02-01,202405,202409,202405,202409
2024-02-02,202405,202409,202405,202409
2024-02-05,202405,202409,202405,202409
2024-02-06,202405,202409,202405,202409
2024-02-07,202405,202409,202405,202409
2024-02-08,202405,202409,202405,202409
2024-02-19,202405,202409,202405,202409
2024-02-20,202405,202409,202405,202409
2024-02-21,202405,202409,202405,202409
2024-02-22,202405,202409,202405,202409
2024-02-23,202405,202409,202405,202409
2024-02-26,202405,202409,202405,202409
2024-02-27,202405,202409,202405,202409
2024-02-28,202405,202409,202405,202409
2024-02-29,202405,202409,202405,202409
2024-03-01,202405,202409,202405,202409
2024-03-04,202405,202409,202405,202409
2024-03-05,202405,202409,202405,202409
2024-03-06,202405,202409,202405,202409
2024-03-07,202405,202409,202405,202409
2024-03-08,202405,202409,202405,202409
2024-03-11,202405,202409,202405,202409
2024-03-12,202405,202409,202405,202409
2024-03-13,202405,202409,202405,202409
2024-03-14,202405,202409,202405,202409
2024-03-15,202405,202409,202405,202409
2024-03-18,202405,202409,202405,202409
2024-03-19,202405,202409,202405,202409
2024-03-20,202405,202409,202405,202409
2024-03-21,202405,202409,202405,202409
2024-03-22,202405,202409,202405,202409
2024-03-25,202405,202409,202405,202409
2024-03-26,202405,202409,202405,202409
2024-03-27,202405,202409,202405,202409
2024-03-28,202405,202409,202405,202409
2024-03-29,202405,202409,202405,202409
2024-04-01,202405,202409,202405,202409
2024-04-02,202405,202409,202405,202409
2024-04-03,202405,202409,202405,202409
2024-04-08,202405,202409,202405,202409
2024-04-09,202405,202409,202405,202409
2024-04-10,202405,202409,202405,202409
2024-04-11,202405,202409,202405,202409
2024-04-12,202409,202405,202405,202409
2024-04-15,202409,202405,202405,202409
2024-04-16,202409,202405,202405,202409
2024-04-17,202409,202405,202405,202409
2024-04-18,202409,202405,202405,202409
2024-04-19,202409,202405,202405,202409
2024-04-22,202409,202405,202405,202409
2024-04-23,202409,202405,202405,202409
